idate,icy,icm,iwy,iwm,cfs_taf
10/31/1921 23:59:59,1921,10,1922,1,0.061487603
11/30/1921 23:59:59,1921,11,1922,2,0.059504132
12/31/1921 23:59:59,1921,12,1922,3,0.061487603
1/31/1922 23:59:59,1922,1,1922,4,0.061487603
2/28/1922 23:59:59,1922,2,1922,5,0.05553719
3/31/1922 23:59:59,1922,3,1922,6,0.061487603
4/30/1922 23:59:59,1922,4,1922,7,0.059504132
5/31/1922 23:59:59,1922,5,1922,8,0.061487603
6/30/1922 23:59:59,1922,6,1922,9,0.059504132
7/31/1922 23:59:59,1922,7,1922,10,0.061487603
8/31/1922 23:59:59,1922,8,1922,11,0.061487603
9/30/1922 23:59:59,1922,9,1922,12,0.059504132
10/31/1922 23:59:59,1922,10,1923,1,0.061487603
11/30/1922 23:59:59,1922,11,1923,2,0.059504132
12/31/1922 23:59:59,1922,12,1923,3,0.061487603
1/31/1923 23:59:59,1923,1,1923,4,0.061487603
2/28/1923 23:59:59,1923,2,1923,5,0.05553719
3/31/1923 23:59:59,1923,3,1923,6,0.061487603
4/30/1923 23:59:59,1923,4,1923,7,0.059504132
5/31/1923 23:59:59,1923,5,1923,8,0.061487603
6/30/1923 23:59:59,1923,6,1923,9,0.059504132
7/31/1923 23:59:59,1923,7,1923,10,0.061487603
8/31/1923 23:59:59,1923,8,1923,11,0.061487603
9/30/1923 23:59:59,1923,9,1923,12,0.059504132
10/31/1923 23:59:59,1923,10,1924,1,0.061487603
11/30/1923 23:59:59,1923,11,1924,2,0.059504132
12/31/1923 23:59:59,1923,12,1924,3,0.061487603
1/31/1924 23:59:59,1924,1,1924,4,0.061487603
2/29/1924 23:59:59,1924,2,1924,5,0.057520661
3/31/1924 23:59:59,1924,3,1924,6,0.061487603
4/30/1924 23:59:59,1924,4,1924,7,0.059504132
5/31/1924 23:59:59,1924,5,1924,8,0.061487603
6/30/1924 23:59:59,1924,6,1924,9,0.059504132
7/31/1924 23:59:59,1924,7,1924,10,0.061487603
8/31/1924 23:59:59,1924,8,1924,11,0.061487603
9/30/1924 23:59:59,1924,9,1924,12,0.059504132
10/31/1924 23:59:59,1924,10,1925,1,0.061487603
11/30/1924 23:59:59,1924,11,1925,2,0.059504132
12/31/1924 23:59:59,1924,12,1925,3,0.061487603
1/31/1925 23:59:59,1925,1,1925,4,0.061487603
2/28/1925 23:59:59,1925,2,1925,5,0.05553719
3/31/1925 23:59:59,1925,3,1925,6,0.061487603
4/30/1925 23:59:59,1925,4,1925,7,0.059504132
5/31/1925 23:59:59,1925,5,1925,8,0.061487603
6/30/1925 23:59:59,1925,6,1925,9,0.059504132
7/31/1925 23:59:59,1925,7,1925,10,0.061487603
8/31/1925 23:59:59,1925,8,1925,11,0.061487603
9/30/1925 23:59:59,1925,9,1925,12,0.059504132
10/31/1925 23:59:59,1925,10,1926,1,0.061487603
11/30/1925 23:59:59,1925,11,1926,2,0.059504132
12/31/1925 23:59:59,1925,12,1926,3,0.061487603
1/31/1926 23:59:59,1926,1,1926,4,0.061487603
2/28/1926 23:59:59,1926,2,1926,5,0.05553719
3/31/1926 23:59:59,1926,3,1926,6,0.061487603
4/30/1926 23:59:59,1926,4,1926,7,0.059504132
5/31/1926 23:59:59,1926,5,1926,8,0.061487603
6/30/1926 23:59:59,1926,6,1926,9,0.059504132
7/31/1926 23:59:59,1926,7,1926,10,0.061487603
8/31/1926 23:59:59,1926,8,1926,11,0.061487603
9/30/1926 23:59:59,1926,9,1926,12,0.059504132
10/31/1926 23:59:59,1926,10,1927,1,0.061487603
11/30/1926 23:59:59,1926,11,1927,2,0.059504132
12/31/1926 23:59:59,1926,12,1927,3,0.061487603
1/31/1927 23:59:59,1927,1,1927,4,0.061487603
2/28/1927 23:59:59,1927,2,1927,5,0.05553719
3/31/1927 23:59:59,1927,3,1927,6,0.061487603
4/30/1927 23:59:59,1927,4,1927,7,0.059504132
5/31/1927 23:59:59,1927,5,1927,8,0.061487603
6/30/1927 23:59:59,1927,6,1927,9,0.059504132
7/31/1927 23:59:59,1927,7,1927,10,0.061487603
8/31/1927 23:59:59,1927,8,1927,11,0.061487603
9/30/1927 23:59:59,1927,9,1927,12,0.059504132
10/31/1927 23:59:59,1927,10,1928,1,0.061487603
11/30/1927 23:59:59,1927,11,1928,2,0.059504132
12/31/1927 23:59:59,1927,12,1928,3,0.061487603
1/31/1928 23:59:59,1928,1,1928,4,0.061487603
2/29/1928 23:59:59,1928,2,1928,5,0.057520661
3/31/1928 23:59:59,1928,3,1928,6,0.061487603
4/30/1928 23:59:59,1928,4,1928,7,0.059504132
5/31/1928 23:59:59,1928,5,1928,8,0.061487603
6/30/1928 23:59:59,1928,6,1928,9,0.059504132
7/31/1928 23:59:59,1928,7,1928,10,0.061487603
8/31/1928 23:59:59,1928,8,1928,11,0.061487603
9/30/1928 23:59:59,1928,9,1928,12,0.059504132
10/31/1928 23:59:59,1928,10,1929,1,0.061487603
11/30/1928 23:59:59,1928,11,1929,2,0.059504132
12/31/1928 23:59:59,1928,12,1929,3,0.061487603
1/31/1929 23:59:59,1929,1,1929,4,0.061487603
2/28/1929 23:59:59,1929,2,1929,5,0.05553719
3/31/1929 23:59:59,1929,3,1929,6,0.061487603
4/30/1929 23:59:59,1929,4,1929,7,0.059504132
5/31/1929 23:59:59,1929,5,1929,8,0.061487603
6/30/1929 23:59:59,1929,6,1929,9,0.059504132
7/31/1929 23:59:59,1929,7,1929,10,0.061487603
8/31/1929 23:59:59,1929,8,1929,11,0.061487603
9/30/1929 23:59:59,1929,9,1929,12,0.059504132
10/31/1929 23:59:59,1929,10,1930,1,0.061487603
11/30/1929 23:59:59,1929,11,1930,2,0.059504132
12/31/1929 23:59:59,1929,12,1930,3,0.061487603
1/31/1930 23:59:59,1930,1,1930,4,0.061487603
2/28/1930 23:59:59,1930,2,1930,5,0.05553719
3/31/1930 23:59:59,1930,3,1930,6,0.061487603
4/30/1930 23:59:59,1930,4,1930,7,0.059504132
5/31/1930 23:59:59,1930,5,1930,8,0.061487603
6/30/1930 23:59:59,1930,6,1930,9,0.059504132
7/31/1930 23:59:59,1930,7,1930,10,0.061487603
8/31/1930 23:59:59,1930,8,1930,11,0.061487603
9/30/1930 23:59:59,1930,9,1930,12,0.059504132
10/31/1930 23:59:59,1930,10,1931,1,0.061487603
11/30/1930 23:59:59,1930,11,1931,2,0.059504132
12/31/1930 23:59:59,1930,12,1931,3,0.061487603
1/31/1931 23:59:59,1931,1,1931,4,0.061487603
2/28/1931 23:59:59,1931,2,1931,5,0.05553719
3/31/1931 23:59:59,1931,3,1931,6,0.061487603
4/30/1931 23:59:59,1931,4,1931,7,0.059504132
5/31/1931 23:59:59,1931,5,1931,8,0.061487603
6/30/1931 23:59:59,1931,6,1931,9,0.059504132
7/31/1931 23:59:59,1931,7,1931,10,0.061487603
8/31/1931 23:59:59,1931,8,1931,11,0.061487603
9/30/1931 23:59:59,1931,9,1931,12,0.059504132
10/31/1931 23:59:59,1931,10,1932,1,0.061487603
11/30/1931 23:59:59,1931,11,1932,2,0.059504132
12/31/1931 23:59:59,1931,12,1932,3,0.061487603
1/31/1932 23:59:59,1932,1,1932,4,0.061487603
2/29/1932 23:59:59,1932,2,1932,5,0.057520661
3/31/1932 23:59:59,1932,3,1932,6,0.061487603
4/30/1932 23:59:59,1932,4,1932,7,0.059504132
5/31/1932 23:59:59,1932,5,1932,8,0.061487603
6/30/1932 23:59:59,1932,6,1932,9,0.059504132
7/31/1932 23:59:59,1932,7,1932,10,0.061487603
8/31/1932 23:59:59,1932,8,1932,11,0.061487603
9/30/1932 23:59:59,1932,9,1932,12,0.059504132
10/31/1932 23:59:59,1932,10,1933,1,0.061487603
11/30/1932 23:59:59,1932,11,1933,2,0.059504132
12/31/1932 23:59:59,1932,12,1933,3,0.061487603
1/31/1933 23:59:59,1933,1,1933,4,0.061487603
2/28/1933 23:59:59,1933,2,1933,5,0.05553719
3/31/1933 23:59:59,1933,3,1933,6,0.061487603
4/30/1933 23:59:59,1933,4,1933,7,0.059504132
5/31/1933 23:59:59,1933,5,1933,8,0.061487603
6/30/1933 23:59:59,1933,6,1933,9,0.059504132
7/31/1933 23:59:59,1933,7,1933,10,0.061487603
8/31/1933 23:59:59,1933,8,1933,11,0.061487603
9/30/1933 23:59:59,1933,9,1933,12,0.059504132
10/31/1933 23:59:59,1933,10,1934,1,0.061487603
11/30/1933 23:59:59,1933,11,1934,2,0.059504132
12/31/1933 23:59:59,1933,12,1934,3,0.061487603
1/31/1934 23:59:59,1934,1,1934,4,0.061487603
2/28/1934 23:59:59,1934,2,1934,5,0.05553719
3/31/1934 23:59:59,1934,3,1934,6,0.061487603
4/30/1934 23:59:59,1934,4,1934,7,0.059504132
5/31/1934 23:59:59,1934,5,1934,8,0.061487603
6/30/1934 23:59:59,1934,6,1934,9,0.059504132
7/31/1934 23:59:59,1934,7,1934,10,0.061487603
8/31/1934 23:59:59,1934,8,1934,11,0.061487603
9/30/1934 23:59:59,1934,9,1934,12,0.059504132
10/31/1934 23:59:59,1934,10,1935,1,0.061487603
11/30/1934 23:59:59,1934,11,1935,2,0.059504132
12/31/1934 23:59:59,1934,12,1935,3,0.061487603
1/31/1935 23:59:59,1935,1,1935,4,0.061487603
2/28/1935 23:59:59,1935,2,1935,5,0.05553719
3/31/1935 23:59:59,1935,3,1935,6,0.061487603
4/30/1935 23:59:59,1935,4,1935,7,0.059504132
5/31/1935 23:59:59,1935,5,1935,8,0.061487603
6/30/1935 23:59:59,1935,6,1935,9,0.059504132
7/31/1935 23:59:59,1935,7,1935,10,0.061487603
8/31/1935 23:59:59,1935,8,1935,11,0.061487603
9/30/1935 23:59:59,1935,9,1935,12,0.059504132
10/31/1935 23:59:59,1935,10,1936,1,0.061487603
11/30/1935 23:59:59,1935,11,1936,2,0.059504132
12/31/1935 23:59:59,1935,12,1936,3,0.061487603
1/31/1936 23:59:59,1936,1,1936,4,0.061487603
2/29/1936 23:59:59,1936,2,1936,5,0.057520661
3/31/1936 23:59:59,1936,3,1936,6,0.061487603
4/30/1936 23:59:59,1936,4,1936,7,0.059504132
5/31/1936 23:59:59,1936,5,1936,8,0.061487603
6/30/1936 23:59:59,1936,6,1936,9,0.059504132
7/31/1936 23:59:59,1936,7,1936,10,0.061487603
8/31/1936 23:59:59,1936,8,1936,11,0.061487603
9/30/1936 23:59:59,1936,9,1936,12,0.059504132
10/31/1936 23:59:59,1936,10,1937,1,0.061487603
11/30/1936 23:59:59,1936,11,1937,2,0.059504132
12/31/1936 23:59:59,1936,12,1937,3,0.061487603
1/31/1937 23:59:59,1937,1,1937,4,0.061487603
2/28/1937 23:59:59,1937,2,1937,5,0.05553719
3/31/1937 23:59:59,1937,3,1937,6,0.061487603
4/30/1937 23:59:59,1937,4,1937,7,0.059504132
5/31/1937 23:59:59,1937,5,1937,8,0.061487603
6/30/1937 23:59:59,1937,6,1937,9,0.059504132
7/31/1937 23:59:59,1937,7,1937,10,0.061487603
8/31/1937 23:59:59,1937,8,1937,11,0.061487603
9/30/1937 23:59:59,1937,9,1937,12,0.059504132
10/31/1937 23:59:59,1937,10,1938,1,0.061487603
11/30/1937 23:59:59,1937,11,1938,2,0.059504132
12/31/1937 23:59:59,1937,12,1938,3,0.061487603
1/31/1938 23:59:59,1938,1,1938,4,0.061487603
2/28/1938 23:59:59,1938,2,1938,5,0.05553719
3/31/1938 23:59:59,1938,3,1938,6,0.061487603
4/30/1938 23:59:59,1938,4,1938,7,0.059504132
5/31/1938 23:59:59,1938,5,1938,8,0.061487603
6/30/1938 23:59:59,1938,6,1938,9,0.059504132
7/31/1938 23:59:59,1938,7,1938,10,0.061487603
8/31/1938 23:59:59,1938,8,1938,11,0.061487603
9/30/1938 23:59:59,1938,9,1938,12,0.059504132
10/31/1938 23:59:59,1938,10,1939,1,0.061487603
11/30/1938 23:59:59,1938,11,1939,2,0.059504132
12/31/1938 23:59:59,1938,12,1939,3,0.061487603
1/31/1939 23:59:59,1939,1,1939,4,0.061487603
2/28/1939 23:59:59,1939,2,1939,5,0.05553719
3/31/1939 23:59:59,1939,3,1939,6,0.061487603
4/30/1939 23:59:59,1939,4,1939,7,0.059504132
5/31/1939 23:59:59,1939,5,1939,8,0.061487603
6/30/1939 23:59:59,1939,6,1939,9,0.059504132
7/31/1939 23:59:59,1939,7,1939,10,0.061487603
8/31/1939 23:59:59,1939,8,1939,11,0.061487603
9/30/1939 23:59:59,1939,9,1939,12,0.059504132
10/31/1939 23:59:59,1939,10,1940,1,0.061487603
11/30/1939 23:59:59,1939,11,1940,2,0.059504132
12/31/1939 23:59:59,1939,12,1940,3,0.061487603
1/31/1940 23:59:59,1940,1,1940,4,0.061487603
2/29/1940 23:59:59,1940,2,1940,5,0.057520661
3/31/1940 23:59:59,1940,3,1940,6,0.061487603
4/30/1940 23:59:59,1940,4,1940,7,0.059504132
5/31/1940 23:59:59,1940,5,1940,8,0.061487603
6/30/1940 23:59:59,1940,6,1940,9,0.059504132
7/31/1940 23:59:59,1940,7,1940,10,0.061487603
8/31/1940 23:59:59,1940,8,1940,11,0.061487603
9/30/1940 23:59:59,1940,9,1940,12,0.059504132
10/31/1940 23:59:59,1940,10,1941,1,0.061487603
11/30/1940 23:59:59,1940,11,1941,2,0.059504132
12/31/1940 23:59:59,1940,12,1941,3,0.061487603
1/31/1941 23:59:59,1941,1,1941,4,0.061487603
2/28/1941 23:59:59,1941,2,1941,5,0.05553719
3/31/1941 23:59:59,1941,3,1941,6,0.061487603
4/30/1941 23:59:59,1941,4,1941,7,0.059504132
5/31/1941 23:59:59,1941,5,1941,8,0.061487603
6/30/1941 23:59:59,1941,6,1941,9,0.059504132
7/31/1941 23:59:59,1941,7,1941,10,0.061487603
8/31/1941 23:59:59,1941,8,1941,11,0.061487603
9/30/1941 23:59:59,1941,9,1941,12,0.059504132
10/31/1941 23:59:59,1941,10,1942,1,0.061487603
11/30/1941 23:59:59,1941,11,1942,2,0.059504132
12/31/1941 23:59:59,1941,12,1942,3,0.061487603
1/31/1942 23:59:59,1942,1,1942,4,0.061487603
2/28/1942 23:59:59,1942,2,1942,5,0.05553719
3/31/1942 23:59:59,1942,3,1942,6,0.061487603
4/30/1942 23:59:59,1942,4,1942,7,0.059504132
5/31/1942 23:59:59,1942,5,1942,8,0.061487603
6/30/1942 23:59:59,1942,6,1942,9,0.059504132
7/31/1942 23:59:59,1942,7,1942,10,0.061487603
8/31/1942 23:59:59,1942,8,1942,11,0.061487603
9/30/1942 23:59:59,1942,9,1942,12,0.059504132
10/31/1942 23:59:59,1942,10,1943,1,0.061487603
11/30/1942 23:59:59,1942,11,1943,2,0.059504132
12/31/1942 23:59:59,1942,12,1943,3,0.061487603
1/31/1943 23:59:59,1943,1,1943,4,0.061487603
2/28/1943 23:59:59,1943,2,1943,5,0.05553719
3/31/1943 23:59:59,1943,3,1943,6,0.061487603
4/30/1943 23:59:59,1943,4,1943,7,0.059504132
5/31/1943 23:59:59,1943,5,1943,8,0.061487603
6/30/1943 23:59:59,1943,6,1943,9,0.059504132
7/31/1943 23:59:59,1943,7,1943,10,0.061487603
8/31/1943 23:59:59,1943,8,1943,11,0.061487603
9/30/1943 23:59:59,1943,9,1943,12,0.059504132
10/31/1943 23:59:59,1943,10,1944,1,0.061487603
11/30/1943 23:59:59,1943,11,1944,2,0.059504132
12/31/1943 23:59:59,1943,12,1944,3,0.061487603
1/31/1944 23:59:59,1944,1,1944,4,0.061487603
2/29/1944 23:59:59,1944,2,1944,5,0.057520661
3/31/1944 23:59:59,1944,3,1944,6,0.061487603
4/30/1944 23:59:59,1944,4,1944,7,0.059504132
5/31/1944 23:59:59,1944,5,1944,8,0.061487603
6/30/1944 23:59:59,1944,6,1944,9,0.059504132
7/31/1944 23:59:59,1944,7,1944,10,0.061487603
8/31/1944 23:59:59,1944,8,1944,11,0.061487603
9/30/1944 23:59:59,1944,9,1944,12,0.059504132
10/31/1944 23:59:59,1944,10,1945,1,0.061487603
11/30/1944 23:59:59,1944,11,1945,2,0.059504132
12/31/1944 23:59:59,1944,12,1945,3,0.061487603
1/31/1945 23:59:59,1945,1,1945,4,0.061487603
2/28/1945 23:59:59,1945,2,1945,5,0.05553719
3/31/1945 23:59:59,1945,3,1945,6,0.061487603
4/30/1945 23:59:59,1945,4,1945,7,0.059504132
5/31/1945 23:59:59,1945,5,1945,8,0.061487603
6/30/1945 23:59:59,1945,6,1945,9,0.059504132
7/31/1945 23:59:59,1945,7,1945,10,0.061487603
8/31/1945 23:59:59,1945,8,1945,11,0.061487603
9/30/1945 23:59:59,1945,9,1945,12,0.059504132
10/31/1945 23:59:59,1945,10,1946,1,0.061487603
11/30/1945 23:59:59,1945,11,1946,2,0.059504132
12/31/1945 23:59:59,1945,12,1946,3,0.061487603
1/31/1946 23:59:59,1946,1,1946,4,0.061487603
2/28/1946 23:59:59,1946,2,1946,5,0.05553719
3/31/1946 23:59:59,1946,3,1946,6,0.061487603
4/30/1946 23:59:59,1946,4,1946,7,0.059504132
5/31/1946 23:59:59,1946,5,1946,8,0.061487603
6/30/1946 23:59:59,1946,6,1946,9,0.059504132
7/31/1946 23:59:59,1946,7,1946,10,0.061487603
8/31/1946 23:59:59,1946,8,1946,11,0.061487603
9/30/1946 23:59:59,1946,9,1946,12,0.059504132
10/31/1946 23:59:59,1946,10,1947,1,0.061487603
11/30/1946 23:59:59,1946,11,1947,2,0.059504132
12/31/1946 23:59:59,1946,12,1947,3,0.061487603
1/31/1947 23:59:59,1947,1,1947,4,0.061487603
2/28/1947 23:59:59,1947,2,1947,5,0.05553719
3/31/1947 23:59:59,1947,3,1947,6,0.061487603
4/30/1947 23:59:59,1947,4,1947,7,0.059504132
5/31/1947 23:59:59,1947,5,1947,8,0.061487603
6/30/1947 23:59:59,1947,6,1947,9,0.059504132
7/31/1947 23:59:59,1947,7,1947,10,0.061487603
8/31/1947 23:59:59,1947,8,1947,11,0.061487603
9/30/1947 23:59:59,1947,9,1947,12,0.059504132
10/31/1947 23:59:59,1947,10,1948,1,0.061487603
11/30/1947 23:59:59,1947,11,1948,2,0.059504132
12/31/1947 23:59:59,1947,12,1948,3,0.061487603
1/31/1948 23:59:59,1948,1,1948,4,0.061487603
2/29/1948 23:59:59,1948,2,1948,5,0.057520661
3/31/1948 23:59:59,1948,3,1948,6,0.061487603
4/30/1948 23:59:59,1948,4,1948,7,0.059504132
5/31/1948 23:59:59,1948,5,1948,8,0.061487603
6/30/1948 23:59:59,1948,6,1948,9,0.059504132
7/31/1948 23:59:59,1948,7,1948,10,0.061487603
8/31/1948 23:59:59,1948,8,1948,11,0.061487603
9/30/1948 23:59:59,1948,9,1948,12,0.059504132
10/31/1948 23:59:59,1948,10,1949,1,0.061487603
11/30/1948 23:59:59,1948,11,1949,2,0.059504132
12/31/1948 23:59:59,1948,12,1949,3,0.061487603
1/31/1949 23:59:59,1949,1,1949,4,0.061487603
2/28/1949 23:59:59,1949,2,1949,5,0.05553719
3/31/1949 23:59:59,1949,3,1949,6,0.061487603
4/30/1949 23:59:59,1949,4,1949,7,0.059504132
5/31/1949 23:59:59,1949,5,1949,8,0.061487603
6/30/1949 23:59:59,1949,6,1949,9,0.059504132
7/31/1949 23:59:59,1949,7,1949,10,0.061487603
8/31/1949 23:59:59,1949,8,1949,11,0.061487603
9/30/1949 23:59:59,1949,9,1949,12,0.059504132
10/31/1949 23:59:59,1949,10,1950,1,0.061487603
11/30/1949 23:59:59,1949,11,1950,2,0.059504132
12/31/1949 23:59:59,1949,12,1950,3,0.061487603
1/31/1950 23:59:59,1950,1,1950,4,0.061487603
2/28/1950 23:59:59,1950,2,1950,5,0.05553719
3/31/1950 23:59:59,1950,3,1950,6,0.061487603
4/30/1950 23:59:59,1950,4,1950,7,0.059504132
5/31/1950 23:59:59,1950,5,1950,8,0.061487603
6/30/1950 23:59:59,1950,6,1950,9,0.059504132
7/31/1950 23:59:59,1950,7,1950,10,0.061487603
8/31/1950 23:59:59,1950,8,1950,11,0.061487603
9/30/1950 23:59:59,1950,9,1950,12,0.059504132
10/31/1950 23:59:59,1950,10,1951,1,0.061487603
11/30/1950 23:59:59,1950,11,1951,2,0.059504132
12/31/1950 23:59:59,1950,12,1951,3,0.061487603
1/31/1951 23:59:59,1951,1,1951,4,0.061487603
2/28/1951 23:59:59,1951,2,1951,5,0.05553719
3/31/1951 23:59:59,1951,3,1951,6,0.061487603
4/30/1951 23:59:59,1951,4,1951,7,0.059504132
5/31/1951 23:59:59,1951,5,1951,8,0.061487603
6/30/1951 23:59:59,1951,6,1951,9,0.059504132
7/31/1951 23:59:59,1951,7,1951,10,0.061487603
8/31/1951 23:59:59,1951,8,1951,11,0.061487603
9/30/1951 23:59:59,1951,9,1951,12,0.059504132
10/31/1951 23:59:59,1951,10,1952,1,0.061487603
11/30/1951 23:59:59,1951,11,1952,2,0.059504132
12/31/1951 23:59:59,1951,12,1952,3,0.061487603
1/31/1952 23:59:59,1952,1,1952,4,0.061487603
2/29/1952 23:59:59,1952,2,1952,5,0.057520661
3/31/1952 23:59:59,1952,3,1952,6,0.061487603
4/30/1952 23:59:59,1952,4,1952,7,0.059504132
5/31/1952 23:59:59,1952,5,1952,8,0.061487603
6/30/1952 23:59:59,1952,6,1952,9,0.059504132
7/31/1952 23:59:59,1952,7,1952,10,0.061487603
8/31/1952 23:59:59,1952,8,1952,11,0.061487603
9/30/1952 23:59:59,1952,9,1952,12,0.059504132
10/31/1952 23:59:59,1952,10,1953,1,0.061487603
11/30/1952 23:59:59,1952,11,1953,2,0.059504132
12/31/1952 23:59:59,1952,12,1953,3,0.061487603
1/31/1953 23:59:59,1953,1,1953,4,0.061487603
2/28/1953 23:59:59,1953,2,1953,5,0.05553719
3/31/1953 23:59:59,1953,3,1953,6,0.061487603
4/30/1953 23:59:59,1953,4,1953,7,0.059504132
5/31/1953 23:59:59,1953,5,1953,8,0.061487603
6/30/1953 23:59:59,1953,6,1953,9,0.059504132
7/31/1953 23:59:59,1953,7,1953,10,0.061487603
8/31/1953 23:59:59,1953,8,1953,11,0.061487603
9/30/1953 23:59:59,1953,9,1953,12,0.059504132
10/31/1953 23:59:59,1953,10,1954,1,0.061487603
11/30/1953 23:59:59,1953,11,1954,2,0.059504132
12/31/1953 23:59:59,1953,12,1954,3,0.061487603
1/31/1954 23:59:59,1954,1,1954,4,0.061487603
2/28/1954 23:59:59,1954,2,1954,5,0.05553719
3/31/1954 23:59:59,1954,3,1954,6,0.061487603
4/30/1954 23:59:59,1954,4,1954,7,0.059504132
5/31/1954 23:59:59,1954,5,1954,8,0.061487603
6/30/1954 23:59:59,1954,6,1954,9,0.059504132
7/31/1954 23:59:59,1954,7,1954,10,0.061487603
8/31/1954 23:59:59,1954,8,1954,11,0.061487603
9/30/1954 23:59:59,1954,9,1954,12,0.059504132
10/31/1954 23:59:59,1954,10,1955,1,0.061487603
11/30/1954 23:59:59,1954,11,1955,2,0.059504132
12/31/1954 23:59:59,1954,12,1955,3,0.061487603
1/31/1955 23:59:59,1955,1,1955,4,0.061487603
2/28/1955 23:59:59,1955,2,1955,5,0.05553719
3/31/1955 23:59:59,1955,3,1955,6,0.061487603
4/30/1955 23:59:59,1955,4,1955,7,0.059504132
5/31/1955 23:59:59,1955,5,1955,8,0.061487603
6/30/1955 23:59:59,1955,6,1955,9,0.059504132
7/31/1955 23:59:59,1955,7,1955,10,0.061487603
8/31/1955 23:59:59,1955,8,1955,11,0.061487603
9/30/1955 23:59:59,1955,9,1955,12,0.059504132
10/31/1955 23:59:59,1955,10,1956,1,0.061487603
11/30/1955 23:59:59,1955,11,1956,2,0.059504132
12/31/1955 23:59:59,1955,12,1956,3,0.061487603
1/31/1956 23:59:59,1956,1,1956,4,0.061487603
2/29/1956 23:59:59,1956,2,1956,5,0.057520661
3/31/1956 23:59:59,1956,3,1956,6,0.061487603
4/30/1956 23:59:59,1956,4,1956,7,0.059504132
5/31/1956 23:59:59,1956,5,1956,8,0.061487603
6/30/1956 23:59:59,1956,6,1956,9,0.059504132
7/31/1956 23:59:59,1956,7,1956,10,0.061487603
8/31/1956 23:59:59,1956,8,1956,11,0.061487603
9/30/1956 23:59:59,1956,9,1956,12,0.059504132
10/31/1956 23:59:59,1956,10,1957,1,0.061487603
11/30/1956 23:59:59,1956,11,1957,2,0.059504132
12/31/1956 23:59:59,1956,12,1957,3,0.061487603
1/31/1957 23:59:59,1957,1,1957,4,0.061487603
2/28/1957 23:59:59,1957,2,1957,5,0.05553719
3/31/1957 23:59:59,1957,3,1957,6,0.061487603
4/30/1957 23:59:59,1957,4,1957,7,0.059504132
5/31/1957 23:59:59,1957,5,1957,8,0.061487603
6/30/1957 23:59:59,1957,6,1957,9,0.059504132
7/31/1957 23:59:59,1957,7,1957,10,0.061487603
8/31/1957 23:59:59,1957,8,1957,11,0.061487603
9/30/1957 23:59:59,1957,9,1957,12,0.059504132
10/31/1957 23:59:59,1957,10,1958,1,0.061487603
11/30/1957 23:59:59,1957,11,1958,2,0.059504132
12/31/1957 23:59:59,1957,12,1958,3,0.061487603
1/31/1958 23:59:59,1958,1,1958,4,0.061487603
2/28/1958 23:59:59,1958,2,1958,5,0.05553719
3/31/1958 23:59:59,1958,3,1958,6,0.061487603
4/30/1958 23:59:59,1958,4,1958,7,0.059504132
5/31/1958 23:59:59,1958,5,1958,8,0.061487603
6/30/1958 23:59:59,1958,6,1958,9,0.059504132
7/31/1958 23:59:59,1958,7,1958,10,0.061487603
8/31/1958 23:59:59,1958,8,1958,11,0.061487603
9/30/1958 23:59:59,1958,9,1958,12,0.059504132
10/31/1958 23:59:59,1958,10,1959,1,0.061487603
11/30/1958 23:59:59,1958,11,1959,2,0.059504132
12/31/1958 23:59:59,1958,12,1959,3,0.061487603
1/31/1959 23:59:59,1959,1,1959,4,0.061487603
2/28/1959 23:59:59,1959,2,1959,5,0.05553719
3/31/1959 23:59:59,1959,3,1959,6,0.061487603
4/30/1959 23:59:59,1959,4,1959,7,0.059504132
5/31/1959 23:59:59,1959,5,1959,8,0.061487603
6/30/1959 23:59:59,1959,6,1959,9,0.059504132
7/31/1959 23:59:59,1959,7,1959,10,0.061487603
8/31/1959 23:59:59,1959,8,1959,11,0.061487603
9/30/1959 23:59:59,1959,9,1959,12,0.059504132
10/31/1959 23:59:59,1959,10,1960,1,0.061487603
11/30/1959 23:59:59,1959,11,1960,2,0.059504132
12/31/1959 23:59:59,1959,12,1960,3,0.061487603
1/31/1960 23:59:59,1960,1,1960,4,0.061487603
2/29/1960 23:59:59,1960,2,1960,5,0.057520661
3/31/1960 23:59:59,1960,3,1960,6,0.061487603
4/30/1960 23:59:59,1960,4,1960,7,0.059504132
5/31/1960 23:59:59,1960,5,1960,8,0.061487603
6/30/1960 23:59:59,1960,6,1960,9,0.059504132
7/31/1960 23:59:59,1960,7,1960,10,0.061487603
8/31/1960 23:59:59,1960,8,1960,11,0.061487603
9/30/1960 23:59:59,1960,9,1960,12,0.059504132
10/31/1960 23:59:59,1960,10,1961,1,0.061487603
11/30/1960 23:59:59,1960,11,1961,2,0.059504132
12/31/1960 23:59:59,1960,12,1961,3,0.061487603
1/31/1961 23:59:59,1961,1,1961,4,0.061487603
2/28/1961 23:59:59,1961,2,1961,5,0.05553719
3/31/1961 23:59:59,1961,3,1961,6,0.061487603
4/30/1961 23:59:59,1961,4,1961,7,0.059504132
5/31/1961 23:59:59,1961,5,1961,8,0.061487603
6/30/1961 23:59:59,1961,6,1961,9,0.059504132
7/31/1961 23:59:59,1961,7,1961,10,0.061487603
8/31/1961 23:59:59,1961,8,1961,11,0.061487603
9/30/1961 23:59:59,1961,9,1961,12,0.059504132
10/31/1961 23:59:59,1961,10,1962,1,0.061487603
11/30/1961 23:59:59,1961,11,1962,2,0.059504132
12/31/1961 23:59:59,1961,12,1962,3,0.061487603
1/31/1962 23:59:59,1962,1,1962,4,0.061487603
2/28/1962 23:59:59,1962,2,1962,5,0.05553719
3/31/1962 23:59:59,1962,3,1962,6,0.061487603
4/30/1962 23:59:59,1962,4,1962,7,0.059504132
5/31/1962 23:59:59,1962,5,1962,8,0.061487603
6/30/1962 23:59:59,1962,6,1962,9,0.059504132
7/31/1962 23:59:59,1962,7,1962,10,0.061487603
8/31/1962 23:59:59,1962,8,1962,11,0.061487603
9/30/1962 23:59:59,1962,9,1962,12,0.059504132
10/31/1962 23:59:59,1962,10,1963,1,0.061487603
11/30/1962 23:59:59,1962,11,1963,2,0.059504132
12/31/1962 23:59:59,1962,12,1963,3,0.061487603
1/31/1963 23:59:59,1963,1,1963,4,0.061487603
2/28/1963 23:59:59,1963,2,1963,5,0.05553719
3/31/1963 23:59:59,1963,3,1963,6,0.061487603
4/30/1963 23:59:59,1963,4,1963,7,0.059504132
5/31/1963 23:59:59,1963,5,1963,8,0.061487603
6/30/1963 23:59:59,1963,6,1963,9,0.059504132
7/31/1963 23:59:59,1963,7,1963,10,0.061487603
8/31/1963 23:59:59,1963,8,1963,11,0.061487603
9/30/1963 23:59:59,1963,9,1963,12,0.059504132
10/31/1963 23:59:59,1963,10,1964,1,0.061487603
11/30/1963 23:59:59,1963,11,1964,2,0.059504132
12/31/1963 23:59:59,1963,12,1964,3,0.061487603
1/31/1964 23:59:59,1964,1,1964,4,0.061487603
2/29/1964 23:59:59,1964,2,1964,5,0.057520661
3/31/1964 23:59:59,1964,3,1964,6,0.061487603
4/30/1964 23:59:59,1964,4,1964,7,0.059504132
5/31/1964 23:59:59,1964,5,1964,8,0.061487603
6/30/1964 23:59:59,1964,6,1964,9,0.059504132
7/31/1964 23:59:59,1964,7,1964,10,0.061487603
8/31/1964 23:59:59,1964,8,1964,11,0.061487603
9/30/1964 23:59:59,1964,9,1964,12,0.059504132
10/31/1964 23:59:59,1964,10,1965,1,0.061487603
11/30/1964 23:59:59,1964,11,1965,2,0.059504132
12/31/1964 23:59:59,1964,12,1965,3,0.061487603
1/31/1965 23:59:59,1965,1,1965,4,0.061487603
2/28/1965 23:59:59,1965,2,1965,5,0.05553719
3/31/1965 23:59:59,1965,3,1965,6,0.061487603
4/30/1965 23:59:59,1965,4,1965,7,0.059504132
5/31/1965 23:59:59,1965,5,1965,8,0.061487603
6/30/1965 23:59:59,1965,6,1965,9,0.059504132
7/31/1965 23:59:59,1965,7,1965,10,0.061487603
8/31/1965 23:59:59,1965,8,1965,11,0.061487603
9/30/1965 23:59:59,1965,9,1965,12,0.059504132
10/31/1965 23:59:59,1965,10,1966,1,0.061487603
11/30/1965 23:59:59,1965,11,1966,2,0.059504132
12/31/1965 23:59:59,1965,12,1966,3,0.061487603
1/31/1966 23:59:59,1966,1,1966,4,0.061487603
2/28/1966 23:59:59,1966,2,1966,5,0.05553719
3/31/1966 23:59:59,1966,3,1966,6,0.061487603
4/30/1966 23:59:59,1966,4,1966,7,0.059504132
5/31/1966 23:59:59,1966,5,1966,8,0.061487603
6/30/1966 23:59:59,1966,6,1966,9,0.059504132
7/31/1966 23:59:59,1966,7,1966,10,0.061487603
8/31/1966 23:59:59,1966,8,1966,11,0.061487603
9/30/1966 23:59:59,1966,9,1966,12,0.059504132
10/31/1966 23:59:59,1966,10,1967,1,0.061487603
11/30/1966 23:59:59,1966,11,1967,2,0.059504132
12/31/1966 23:59:59,1966,12,1967,3,0.061487603
1/31/1967 23:59:59,1967,1,1967,4,0.061487603
2/28/1967 23:59:59,1967,2,1967,5,0.05553719
3/31/1967 23:59:59,1967,3,1967,6,0.061487603
4/30/1967 23:59:59,1967,4,1967,7,0.059504132
5/31/1967 23:59:59,1967,5,1967,8,0.061487603
6/30/1967 23:59:59,1967,6,1967,9,0.059504132
7/31/1967 23:59:59,1967,7,1967,10,0.061487603
8/31/1967 23:59:59,1967,8,1967,11,0.061487603
9/30/1967 23:59:59,1967,9,1967,12,0.059504132
10/31/1967 23:59:59,1967,10,1968,1,0.061487603
11/30/1967 23:59:59,1967,11,1968,2,0.059504132
12/31/1967 23:59:59,1967,12,1968,3,0.061487603
1/31/1968 23:59:59,1968,1,1968,4,0.061487603
2/29/1968 23:59:59,1968,2,1968,5,0.057520661
3/31/1968 23:59:59,1968,3,1968,6,0.061487603
4/30/1968 23:59:59,1968,4,1968,7,0.059504132
5/31/1968 23:59:59,1968,5,1968,8,0.061487603
6/30/1968 23:59:59,1968,6,1968,9,0.059504132
7/31/1968 23:59:59,1968,7,1968,10,0.061487603
8/31/1968 23:59:59,1968,8,1968,11,0.061487603
9/30/1968 23:59:59,1968,9,1968,12,0.059504132
10/31/1968 23:59:59,1968,10,1969,1,0.061487603
11/30/1968 23:59:59,1968,11,1969,2,0.059504132
12/31/1968 23:59:59,1968,12,1969,3,0.061487603
1/31/1969 23:59:59,1969,1,1969,4,0.061487603
2/28/1969 23:59:59,1969,2,1969,5,0.05553719
3/31/1969 23:59:59,1969,3,1969,6,0.061487603
4/30/1969 23:59:59,1969,4,1969,7,0.059504132
5/31/1969 23:59:59,1969,5,1969,8,0.061487603
6/30/1969 23:59:59,1969,6,1969,9,0.059504132
7/31/1969 23:59:59,1969,7,1969,10,0.061487603
8/31/1969 23:59:59,1969,8,1969,11,0.061487603
9/30/1969 23:59:59,1969,9,1969,12,0.059504132
10/31/1969 23:59:59,1969,10,1970,1,0.061487603
11/30/1969 23:59:59,1969,11,1970,2,0.059504132
12/31/1969 23:59:59,1969,12,1970,3,0.061487603
1/31/1970 23:59:59,1970,1,1970,4,0.061487603
2/28/1970 23:59:59,1970,2,1970,5,0.05553719
3/31/1970 23:59:59,1970,3,1970,6,0.061487603
4/30/1970 23:59:59,1970,4,1970,7,0.059504132
5/31/1970 23:59:59,1970,5,1970,8,0.061487603
6/30/1970 23:59:59,1970,6,1970,9,0.059504132
7/31/1970 23:59:59,1970,7,1970,10,0.061487603
8/31/1970 23:59:59,1970,8,1970,11,0.061487603
9/30/1970 23:59:59,1970,9,1970,12,0.059504132
10/31/1970 23:59:59,1970,10,1971,1,0.061487603
11/30/1970 23:59:59,1970,11,1971,2,0.059504132
12/31/1970 23:59:59,1970,12,1971,3,0.061487603
1/31/1971 23:59:59,1971,1,1971,4,0.061487603
2/28/1971 23:59:59,1971,2,1971,5,0.05553719
3/31/1971 23:59:59,1971,3,1971,6,0.061487603
4/30/1971 23:59:59,1971,4,1971,7,0.059504132
5/31/1971 23:59:59,1971,5,1971,8,0.061487603
6/30/1971 23:59:59,1971,6,1971,9,0.059504132
7/31/1971 23:59:59,1971,7,1971,10,0.061487603
8/31/1971 23:59:59,1971,8,1971,11,0.061487603
9/30/1971 23:59:59,1971,9,1971,12,0.059504132
10/31/1971 23:59:59,1971,10,1972,1,0.061487603
11/30/1971 23:59:59,1971,11,1972,2,0.059504132
12/31/1971 23:59:59,1971,12,1972,3,0.061487603
1/31/1972 23:59:59,1972,1,1972,4,0.061487603
2/29/1972 23:59:59,1972,2,1972,5,0.057520661
3/31/1972 23:59:59,1972,3,1972,6,0.061487603
4/30/1972 23:59:59,1972,4,1972,7,0.059504132
5/31/1972 23:59:59,1972,5,1972,8,0.061487603
6/30/1972 23:59:59,1972,6,1972,9,0.059504132
7/31/1972 23:59:59,1972,7,1972,10,0.061487603
8/31/1972 23:59:59,1972,8,1972,11,0.061487603
9/30/1972 23:59:59,1972,9,1972,12,0.059504132
10/31/1972 23:59:59,1972,10,1973,1,0.061487603
11/30/1972 23:59:59,1972,11,1973,2,0.059504132
12/31/1972 23:59:59,1972,12,1973,3,0.061487603
1/31/1973 23:59:59,1973,1,1973,4,0.061487603
2/28/1973 23:59:59,1973,2,1973,5,0.05553719
3/31/1973 23:59:59,1973,3,1973,6,0.061487603
4/30/1973 23:59:59,1973,4,1973,7,0.059504132
5/31/1973 23:59:59,1973,5,1973,8,0.061487603
6/30/1973 23:59:59,1973,6,1973,9,0.059504132
7/31/1973 23:59:59,1973,7,1973,10,0.061487603
8/31/1973 23:59:59,1973,8,1973,11,0.061487603
9/30/1973 23:59:59,1973,9,1973,12,0.059504132
10/31/1973 23:59:59,1973,10,1974,1,0.061487603
11/30/1973 23:59:59,1973,11,1974,2,0.059504132
12/31/1973 23:59:59,1973,12,1974,3,0.061487603
1/31/1974 23:59:59,1974,1,1974,4,0.061487603
2/28/1974 23:59:59,1974,2,1974,5,0.05553719
3/31/1974 23:59:59,1974,3,1974,6,0.061487603
4/30/1974 23:59:59,1974,4,1974,7,0.059504132
5/31/1974 23:59:59,1974,5,1974,8,0.061487603
6/30/1974 23:59:59,1974,6,1974,9,0.059504132
7/31/1974 23:59:59,1974,7,1974,10,0.061487603
8/31/1974 23:59:59,1974,8,1974,11,0.061487603
9/30/1974 23:59:59,1974,9,1974,12,0.059504132
10/31/1974 23:59:59,1974,10,1975,1,0.061487603
11/30/1974 23:59:59,1974,11,1975,2,0.059504132
12/31/1974 23:59:59,1974,12,1975,3,0.061487603
1/31/1975 23:59:59,1975,1,1975,4,0.061487603
2/28/1975 23:59:59,1975,2,1975,5,0.05553719
3/31/1975 23:59:59,1975,3,1975,6,0.061487603
4/30/1975 23:59:59,1975,4,1975,7,0.059504132
5/31/1975 23:59:59,1975,5,1975,8,0.061487603
6/30/1975 23:59:59,1975,6,1975,9,0.059504132
7/31/1975 23:59:59,1975,7,1975,10,0.061487603
8/31/1975 23:59:59,1975,8,1975,11,0.061487603
9/30/1975 23:59:59,1975,9,1975,12,0.059504132
10/31/1975 23:59:59,1975,10,1976,1,0.061487603
11/30/1975 23:59:59,1975,11,1976,2,0.059504132
12/31/1975 23:59:59,1975,12,1976,3,0.061487603
1/31/1976 23:59:59,1976,1,1976,4,0.061487603
2/29/1976 23:59:59,1976,2,1976,5,0.057520661
3/31/1976 23:59:59,1976,3,1976,6,0.061487603
4/30/1976 23:59:59,1976,4,1976,7,0.059504132
5/31/1976 23:59:59,1976,5,1976,8,0.061487603
6/30/1976 23:59:59,1976,6,1976,9,0.059504132
7/31/1976 23:59:59,1976,7,1976,10,0.061487603
8/31/1976 23:59:59,1976,8,1976,11,0.061487603
9/30/1976 23:59:59,1976,9,1976,12,0.059504132
10/31/1976 23:59:59,1976,10,1977,1,0.061487603
11/30/1976 23:59:59,1976,11,1977,2,0.059504132
12/31/1976 23:59:59,1976,12,1977,3,0.061487603
1/31/1977 23:59:59,1977,1,1977,4,0.061487603
2/28/1977 23:59:59,1977,2,1977,5,0.05553719
3/31/1977 23:59:59,1977,3,1977,6,0.061487603
4/30/1977 23:59:59,1977,4,1977,7,0.059504132
5/31/1977 23:59:59,1977,5,1977,8,0.061487603
6/30/1977 23:59:59,1977,6,1977,9,0.059504132
7/31/1977 23:59:59,1977,7,1977,10,0.061487603
8/31/1977 23:59:59,1977,8,1977,11,0.061487603
9/30/1977 23:59:59,1977,9,1977,12,0.059504132
10/31/1977 23:59:59,1977,10,1978,1,0.061487603
11/30/1977 23:59:59,1977,11,1978,2,0.059504132
12/31/1977 23:59:59,1977,12,1978,3,0.061487603
1/31/1978 23:59:59,1978,1,1978,4,0.061487603
2/28/1978 23:59:59,1978,2,1978,5,0.05553719
3/31/1978 23:59:59,1978,3,1978,6,0.061487603
4/30/1978 23:59:59,1978,4,1978,7,0.059504132
5/31/1978 23:59:59,1978,5,1978,8,0.061487603
6/30/1978 23:59:59,1978,6,1978,9,0.059504132
7/31/1978 23:59:59,1978,7,1978,10,0.061487603
8/31/1978 23:59:59,1978,8,1978,11,0.061487603
9/30/1978 23:59:59,1978,9,1978,12,0.059504132
10/31/1978 23:59:59,1978,10,1979,1,0.061487603
11/30/1978 23:59:59,1978,11,1979,2,0.059504132
12/31/1978 23:59:59,1978,12,1979,3,0.061487603
1/31/1979 23:59:59,1979,1,1979,4,0.061487603
2/28/1979 23:59:59,1979,2,1979,5,0.05553719
3/31/1979 23:59:59,1979,3,1979,6,0.061487603
4/30/1979 23:59:59,1979,4,1979,7,0.059504132
5/31/1979 23:59:59,1979,5,1979,8,0.061487603
6/30/1979 23:59:59,1979,6,1979,9,0.059504132
7/31/1979 23:59:59,1979,7,1979,10,0.061487603
8/31/1979 23:59:59,1979,8,1979,11,0.061487603
9/30/1979 23:59:59,1979,9,1979,12,0.059504132
10/31/1979 23:59:59,1979,10,1980,1,0.061487603
11/30/1979 23:59:59,1979,11,1980,2,0.059504132
12/31/1979 23:59:59,1979,12,1980,3,0.061487603
1/31/1980 23:59:59,1980,1,1980,4,0.061487603
2/29/1980 23:59:59,1980,2,1980,5,0.057520661
3/31/1980 23:59:59,1980,3,1980,6,0.061487603
4/30/1980 23:59:59,1980,4,1980,7,0.059504132
5/31/1980 23:59:59,1980,5,1980,8,0.061487603
6/30/1980 23:59:59,1980,6,1980,9,0.059504132
7/31/1980 23:59:59,1980,7,1980,10,0.061487603
8/31/1980 23:59:59,1980,8,1980,11,0.061487603
9/30/1980 23:59:59,1980,9,1980,12,0.059504132
10/31/1980 23:59:59,1980,10,1981,1,0.061487603
11/30/1980 23:59:59,1980,11,1981,2,0.059504132
12/31/1980 23:59:59,1980,12,1981,3,0.061487603
1/31/1981 23:59:59,1981,1,1981,4,0.061487603
2/28/1981 23:59:59,1981,2,1981,5,0.05553719
3/31/1981 23:59:59,1981,3,1981,6,0.061487603
4/30/1981 23:59:59,1981,4,1981,7,0.059504132
5/31/1981 23:59:59,1981,5,1981,8,0.061487603
6/30/1981 23:59:59,1981,6,1981,9,0.059504132
7/31/1981 23:59:59,1981,7,1981,10,0.061487603
8/31/1981 23:59:59,1981,8,1981,11,0.061487603
9/30/1981 23:59:59,1981,9,1981,12,0.059504132
10/31/1981 23:59:59,1981,10,1982,1,0.061487603
11/30/1981 23:59:59,1981,11,1982,2,0.059504132
12/31/1981 23:59:59,1981,12,1982,3,0.061487603
1/31/1982 23:59:59,1982,1,1982,4,0.061487603
2/28/1982 23:59:59,1982,2,1982,5,0.05553719
3/31/1982 23:59:59,1982,3,1982,6,0.061487603
4/30/1982 23:59:59,1982,4,1982,7,0.059504132
5/31/1982 23:59:59,1982,5,1982,8,0.061487603
6/30/1982 23:59:59,1982,6,1982,9,0.059504132
7/31/1982 23:59:59,1982,7,1982,10,0.061487603
8/31/1982 23:59:59,1982,8,1982,11,0.061487603
9/30/1982 23:59:59,1982,9,1982,12,0.059504132
10/31/1982 23:59:59,1982,10,1983,1,0.061487603
11/30/1982 23:59:59,1982,11,1983,2,0.059504132
12/31/1982 23:59:59,1982,12,1983,3,0.061487603
1/31/1983 23:59:59,1983,1,1983,4,0.061487603
2/28/1983 23:59:59,1983,2,1983,5,0.05553719
3/31/1983 23:59:59,1983,3,1983,6,0.061487603
4/30/1983 23:59:59,1983,4,1983,7,0.059504132
5/31/1983 23:59:59,1983,5,1983,8,0.061487603
6/30/1983 23:59:59,1983,6,1983,9,0.059504132
7/31/1983 23:59:59,1983,7,1983,10,0.061487603
8/31/1983 23:59:59,1983,8,1983,11,0.061487603
9/30/1983 23:59:59,1983,9,1983,12,0.059504132
10/31/1983 23:59:59,1983,10,1984,1,0.061487603
11/30/1983 23:59:59,1983,11,1984,2,0.059504132
12/31/1983 23:59:59,1983,12,1984,3,0.061487603
1/31/1984 23:59:59,1984,1,1984,4,0.061487603
2/29/1984 23:59:59,1984,2,1984,5,0.057520661
3/31/1984 23:59:59,1984,3,1984,6,0.061487603
4/30/1984 23:59:59,1984,4,1984,7,0.059504132
5/31/1984 23:59:59,1984,5,1984,8,0.061487603
6/30/1984 23:59:59,1984,6,1984,9,0.059504132
7/31/1984 23:59:59,1984,7,1984,10,0.061487603
8/31/1984 23:59:59,1984,8,1984,11,0.061487603
9/30/1984 23:59:59,1984,9,1984,12,0.059504132
10/31/1984 23:59:59,1984,10,1985,1,0.061487603
11/30/1984 23:59:59,1984,11,1985,2,0.059504132
12/31/1984 23:59:59,1984,12,1985,3,0.061487603
1/31/1985 23:59:59,1985,1,1985,4,0.061487603
2/28/1985 23:59:59,1985,2,1985,5,0.05553719
3/31/1985 23:59:59,1985,3,1985,6,0.061487603
4/30/1985 23:59:59,1985,4,1985,7,0.059504132
5/31/1985 23:59:59,1985,5,1985,8,0.061487603
6/30/1985 23:59:59,1985,6,1985,9,0.059504132
7/31/1985 23:59:59,1985,7,1985,10,0.061487603
8/31/1985 23:59:59,1985,8,1985,11,0.061487603
9/30/1985 23:59:59,1985,9,1985,12,0.059504132
10/31/1985 23:59:59,1985,10,1986,1,0.061487603
11/30/1985 23:59:59,1985,11,1986,2,0.059504132
12/31/1985 23:59:59,1985,12,1986,3,0.061487603
1/31/1986 23:59:59,1986,1,1986,4,0.061487603
2/28/1986 23:59:59,1986,2,1986,5,0.05553719
3/31/1986 23:59:59,1986,3,1986,6,0.061487603
4/30/1986 23:59:59,1986,4,1986,7,0.059504132
5/31/1986 23:59:59,1986,5,1986,8,0.061487603
6/30/1986 23:59:59,1986,6,1986,9,0.059504132
7/31/1986 23:59:59,1986,7,1986,10,0.061487603
8/31/1986 23:59:59,1986,8,1986,11,0.061487603
9/30/1986 23:59:59,1986,9,1986,12,0.059504132
10/31/1986 23:59:59,1986,10,1987,1,0.061487603
11/30/1986 23:59:59,1986,11,1987,2,0.059504132
12/31/1986 23:59:59,1986,12,1987,3,0.061487603
1/31/1987 23:59:59,1987,1,1987,4,0.061487603
2/28/1987 23:59:59,1987,2,1987,5,0.05553719
3/31/1987 23:59:59,1987,3,1987,6,0.061487603
4/30/1987 23:59:59,1987,4,1987,7,0.059504132
5/31/1987 23:59:59,1987,5,1987,8,0.061487603
6/30/1987 23:59:59,1987,6,1987,9,0.059504132
7/31/1987 23:59:59,1987,7,1987,10,0.061487603
8/31/1987 23:59:59,1987,8,1987,11,0.061487603
9/30/1987 23:59:59,1987,9,1987,12,0.059504132
10/31/1987 23:59:59,1987,10,1988,1,0.061487603
11/30/1987 23:59:59,1987,11,1988,2,0.059504132
12/31/1987 23:59:59,1987,12,1988,3,0.061487603
1/31/1988 23:59:59,1988,1,1988,4,0.061487603
2/29/1988 23:59:59,1988,2,1988,5,0.057520661
3/31/1988 23:59:59,1988,3,1988,6,0.061487603
4/30/1988 23:59:59,1988,4,1988,7,0.059504132
5/31/1988 23:59:59,1988,5,1988,8,0.061487603
6/30/1988 23:59:59,1988,6,1988,9,0.059504132
7/31/1988 23:59:59,1988,7,1988,10,0.061487603
8/31/1988 23:59:59,1988,8,1988,11,0.061487603
9/30/1988 23:59:59,1988,9,1988,12,0.059504132
10/31/1988 23:59:59,1988,10,1989,1,0.061487603
11/30/1988 23:59:59,1988,11,1989,2,0.059504132
12/31/1988 23:59:59,1988,12,1989,3,0.061487603
1/31/1989 23:59:59,1989,1,1989,4,0.061487603
2/28/1989 23:59:59,1989,2,1989,5,0.05553719
3/31/1989 23:59:59,1989,3,1989,6,0.061487603
4/30/1989 23:59:59,1989,4,1989,7,0.059504132
5/31/1989 23:59:59,1989,5,1989,8,0.061487603
6/30/1989 23:59:59,1989,6,1989,9,0.059504132
7/31/1989 23:59:59,1989,7,1989,10,0.061487603
8/31/1989 23:59:59,1989,8,1989,11,0.061487603
9/30/1989 23:59:59,1989,9,1989,12,0.059504132
10/31/1989 23:59:59,1989,10,1990,1,0.061487603
11/30/1989 23:59:59,1989,11,1990,2,0.059504132
12/31/1989 23:59:59,1989,12,1990,3,0.061487603
1/31/1990 23:59:59,1990,1,1990,4,0.061487603
2/28/1990 23:59:59,1990,2,1990,5,0.05553719
3/31/1990 23:59:59,1990,3,1990,6,0.061487603
4/30/1990 23:59:59,1990,4,1990,7,0.059504132
5/31/1990 23:59:59,1990,5,1990,8,0.061487603
6/30/1990 23:59:59,1990,6,1990,9,0.059504132
7/31/1990 23:59:59,1990,7,1990,10,0.061487603
8/31/1990 23:59:59,1990,8,1990,11,0.061487603
9/30/1990 23:59:59,1990,9,1990,12,0.059504132
10/31/1990 23:59:59,1990,10,1991,1,0.061487603
11/30/1990 23:59:59,1990,11,1991,2,0.059504132
12/31/1990 23:59:59,1990,12,1991,3,0.061487603
1/31/1991 23:59:59,1991,1,1991,4,0.061487603
2/28/1991 23:59:59,1991,2,1991,5,0.05553719
3/31/1991 23:59:59,1991,3,1991,6,0.061487603
4/30/1991 23:59:59,1991,4,1991,7,0.059504132
5/31/1991 23:59:59,1991,5,1991,8,0.061487603
6/30/1991 23:59:59,1991,6,1991,9,0.059504132
7/31/1991 23:59:59,1991,7,1991,10,0.061487603
8/31/1991 23:59:59,1991,8,1991,11,0.061487603
9/30/1991 23:59:59,1991,9,1991,12,0.059504132
10/31/1991 23:59:59,1991,10,1992,1,0.061487603
11/30/1991 23:59:59,1991,11,1992,2,0.059504132
12/31/1991 23:59:59,1991,12,1992,3,0.061487603
1/31/1992 23:59:59,1992,1,1992,4,0.061487603
2/29/1992 23:59:59,1992,2,1992,5,0.057520661
3/31/1992 23:59:59,1992,3,1992,6,0.061487603
4/30/1992 23:59:59,1992,4,1992,7,0.059504132
5/31/1992 23:59:59,1992,5,1992,8,0.061487603
6/30/1992 23:59:59,1992,6,1992,9,0.059504132
7/31/1992 23:59:59,1992,7,1992,10,0.061487603
8/31/1992 23:59:59,1992,8,1992,11,0.061487603
9/30/1992 23:59:59,1992,9,1992,12,0.059504132
10/31/1992 23:59:59,1992,10,1993,1,0.061487603
11/30/1992 23:59:59,1992,11,1993,2,0.059504132
12/31/1992 23:59:59,1992,12,1993,3,0.061487603
1/31/1993 23:59:59,1993,1,1993,4,0.061487603
2/28/1993 23:59:59,1993,2,1993,5,0.05553719
3/31/1993 23:59:59,1993,3,1993,6,0.061487603
4/30/1993 23:59:59,1993,4,1993,7,0.059504132
5/31/1993 23:59:59,1993,5,1993,8,0.061487603
6/30/1993 23:59:59,1993,6,1993,9,0.059504132
7/31/1993 23:59:59,1993,7,1993,10,0.061487603
8/31/1993 23:59:59,1993,8,1993,11,0.061487603
9/30/1993 23:59:59,1993,9,1993,12,0.059504132
10/31/1993 23:59:59,1993,10,1994,1,0.061487603
11/30/1993 23:59:59,1993,11,1994,2,0.059504132
12/31/1993 23:59:59,1993,12,1994,3,0.061487603
1/31/1994 23:59:59,1994,1,1994,4,0.061487603
2/28/1994 23:59:59,1994,2,1994,5,0.05553719
3/31/1994 23:59:59,1994,3,1994,6,0.061487603
4/30/1994 23:59:59,1994,4,1994,7,0.059504132
5/31/1994 23:59:59,1994,5,1994,8,0.061487603
6/30/1994 23:59:59,1994,6,1994,9,0.059504132
7/31/1994 23:59:59,1994,7,1994,10,0.061487603
8/31/1994 23:59:59,1994,8,1994,11,0.061487603
9/30/1994 23:59:59,1994,9,1994,12,0.059504132
10/31/1994 23:59:59,1994,10,1995,1,0.061487603
11/30/1994 23:59:59,1994,11,1995,2,0.059504132
12/31/1994 23:59:59,1994,12,1995,3,0.061487603
1/31/1995 23:59:59,1995,1,1995,4,0.061487603
2/28/1995 23:59:59,1995,2,1995,5,0.05553719
3/31/1995 23:59:59,1995,3,1995,6,0.061487603
4/30/1995 23:59:59,1995,4,1995,7,0.059504132
5/31/1995 23:59:59,1995,5,1995,8,0.061487603
6/30/1995 23:59:59,1995,6,1995,9,0.059504132
7/31/1995 23:59:59,1995,7,1995,10,0.061487603
8/31/1995 23:59:59,1995,8,1995,11,0.061487603
9/30/1995 23:59:59,1995,9,1995,12,0.059504132
10/31/1995 23:59:59,1995,10,1996,1,0.061487603
11/30/1995 23:59:59,1995,11,1996,2,0.059504132
12/31/1995 23:59:59,1995,12,1996,3,0.061487603
1/31/1996 23:59:59,1996,1,1996,4,0.061487603
2/29/1996 23:59:59,1996,2,1996,5,0.057520661
3/31/1996 23:59:59,1996,3,1996,6,0.061487603
4/30/1996 23:59:59,1996,4,1996,7,0.059504132
5/31/1996 23:59:59,1996,5,1996,8,0.061487603
6/30/1996 23:59:59,1996,6,1996,9,0.059504132
7/31/1996 23:59:59,1996,7,1996,10,0.061487603
8/31/1996 23:59:59,1996,8,1996,11,0.061487603
9/30/1996 23:59:59,1996,9,1996,12,0.059504132
10/31/1996 23:59:59,1996,10,1997,1,0.061487603
11/30/1996 23:59:59,1996,11,1997,2,0.059504132
12/31/1996 23:59:59,1996,12,1997,3,0.061487603
1/31/1997 23:59:59,1997,1,1997,4,0.061487603
2/28/1997 23:59:59,1997,2,1997,5,0.05553719
3/31/1997 23:59:59,1997,3,1997,6,0.061487603
4/30/1997 23:59:59,1997,4,1997,7,0.059504132
5/31/1997 23:59:59,1997,5,1997,8,0.061487603
6/30/1997 23:59:59,1997,6,1997,9,0.059504132
7/31/1997 23:59:59,1997,7,1997,10,0.061487603
8/31/1997 23:59:59,1997,8,1997,11,0.061487603
9/30/1997 23:59:59,1997,9,1997,12,0.059504132
10/31/1997 23:59:59,1997,10,1998,1,0.061487603
11/30/1997 23:59:59,1997,11,1998,2,0.059504132
12/31/1997 23:59:59,1997,12,1998,3,0.061487603
1/31/1998 23:59:59,1998,1,1998,4,0.061487603
2/28/1998 23:59:59,1998,2,1998,5,0.05553719
3/31/1998 23:59:59,1998,3,1998,6,0.061487603
4/30/1998 23:59:59,1998,4,1998,7,0.059504132
5/31/1998 23:59:59,1998,5,1998,8,0.061487603
6/30/1998 23:59:59,1998,6,1998,9,0.059504132
7/31/1998 23:59:59,1998,7,1998,10,0.061487603
8/31/1998 23:59:59,1998,8,1998,11,0.061487603
9/30/1998 23:59:59,1998,9,1998,12,0.059504132
10/31/1998 23:59:59,1998,10,1999,1,0.061487603
11/30/1998 23:59:59,1998,11,1999,2,0.059504132
12/31/1998 23:59:59,1998,12,1999,3,0.061487603
1/31/1999 23:59:59,1999,1,1999,4,0.061487603
2/28/1999 23:59:59,1999,2,1999,5,0.05553719
3/31/1999 23:59:59,1999,3,1999,6,0.061487603
4/30/1999 23:59:59,1999,4,1999,7,0.059504132
5/31/1999 23:59:59,1999,5,1999,8,0.061487603
6/30/1999 23:59:59,1999,6,1999,9,0.059504132
7/31/1999 23:59:59,1999,7,1999,10,0.061487603
8/31/1999 23:59:59,1999,8,1999,11,0.061487603
9/30/1999 23:59:59,1999,9,1999,12,0.059504132
10/31/1999 23:59:59,1999,10,2000,1,0.061487603
11/30/1999 23:59:59,1999,11,2000,2,0.059504132
12/31/1999 23:59:59,1999,12,2000,3,0.061487603
1/31/2000 23:59:59,2000,1,2000,4,0.061487603
2/29/2000 23:59:59,2000,2,2000,5,0.057520661
3/31/2000 23:59:59,2000,3,2000,6,0.061487603
4/30/2000 23:59:59,2000,4,2000,7,0.059504132
5/31/2000 23:59:59,2000,5,2000,8,0.061487603
6/30/2000 23:59:59,2000,6,2000,9,0.059504132
7/31/2000 23:59:59,2000,7,2000,10,0.061487603
8/31/2000 23:59:59,2000,8,2000,11,0.061487603
9/30/2000 23:59:59,2000,9,2000,12,0.059504132
10/31/2000 23:59:59,2000,10,2001,1,0.061487603
11/30/2000 23:59:59,2000,11,2001,2,0.059504132
12/31/2000 23:59:59,2000,12,2001,3,0.061487603
1/31/2001 23:59:59,2001,1,2001,4,0.061487603
2/28/2001 23:59:59,2001,2,2001,5,0.05553719
3/31/2001 23:59:59,2001,3,2001,6,0.061487603
4/30/2001 23:59:59,2001,4,2001,7,0.059504132
5/31/2001 23:59:59,2001,5,2001,8,0.061487603
6/30/2001 23:59:59,2001,6,2001,9,0.059504132
7/31/2001 23:59:59,2001,7,2001,10,0.061487603
8/31/2001 23:59:59,2001,8,2001,11,0.061487603
9/30/2001 23:59:59,2001,9,2001,12,0.059504132
10/31/2001 23:59:59,2001,10,2002,1,0.061487603
11/30/2001 23:59:59,2001,11,2002,2,0.059504132
12/31/2001 23:59:59,2001,12,2002,3,0.061487603
1/31/2002 23:59:59,2002,1,2002,4,0.061487603
2/28/2002 23:59:59,2002,2,2002,5,0.05553719
3/31/2002 23:59:59,2002,3,2002,6,0.061487603
4/30/2002 23:59:59,2002,4,2002,7,0.059504132
5/31/2002 23:59:59,2002,5,2002,8,0.061487603
6/30/2002 23:59:59,2002,6,2002,9,0.059504132
7/31/2002 23:59:59,2002,7,2002,10,0.061487603
8/31/2002 23:59:59,2002,8,2002,11,0.061487603
9/30/2002 23:59:59,2002,9,2002,12,0.059504132
10/31/2002 23:59:59,2002,10,2003,1,0.061487603
11/30/2002 23:59:59,2002,11,2003,2,0.059504132
12/31/2002 23:59:59,2002,12,2003,3,0.061487603
1/31/2003 23:59:59,2003,1,2003,4,0.061487603
2/28/2003 23:59:59,2003,2,2003,5,0.05553719
3/31/2003 23:59:59,2003,3,2003,6,0.061487603
4/30/2003 23:59:59,2003,4,2003,7,0.059504132
5/31/2003 23:59:59,2003,5,2003,8,0.061487603
6/30/2003 23:59:59,2003,6,2003,9,0.059504132
7/31/2003 23:59:59,2003,7,2003,10,0.061487603
8/31/2003 23:59:59,2003,8,2003,11,0.061487603
9/30/2003 23:59:59,2003,9,2003,12,0.059504132
10/31/2003 23:59:59,2003,10,2004,1,0.061487603
11/30/2003 23:59:59,2003,11,2004,2,0.059504132
12/31/2003 23:59:59,2003,12,2004,3,0.061487603
1/31/2004 23:59:59,2004,1,2004,4,0.061487603
2/29/2004 23:59:59,2004,2,2004,5,0.057520661
3/31/2004 23:59:59,2004,3,2004,6,0.061487603
4/30/2004 23:59:59,2004,4,2004,7,0.059504132
5/31/2004 23:59:59,2004,5,2004,8,0.061487603
6/30/2004 23:59:59,2004,6,2004,9,0.059504132
7/31/2004 23:59:59,2004,7,2004,10,0.061487603
8/31/2004 23:59:59,2004,8,2004,11,0.061487603
9/30/2004 23:59:59,2004,9,2004,12,0.059504132
10/31/2004 23:59:59,2004,10,2005,1,0.061487603
11/30/2004 23:59:59,2004,11,2005,2,0.059504132
12/31/2004 23:59:59,2004,12,2005,3,0.061487603
1/31/2005 23:59:59,2005,1,2005,4,0.061487603
2/28/2005 23:59:59,2005,2,2005,5,0.05553719
3/31/2005 23:59:59,2005,3,2005,6,0.061487603
4/30/2005 23:59:59,2005,4,2005,7,0.059504132
5/31/2005 23:59:59,2005,5,2005,8,0.061487603
6/30/2005 23:59:59,2005,6,2005,9,0.059504132
7/31/2005 23:59:59,2005,7,2005,10,0.061487603
8/31/2005 23:59:59,2005,8,2005,11,0.061487603
9/30/2005 23:59:59,2005,9,2005,12,0.059504132
10/31/2005 23:59:59,2005,10,2006,1,0.061487603
11/30/2005 23:59:59,2005,11,2006,2,0.059504132
12/31/2005 23:59:59,2005,12,2006,3,0.061487603
1/31/2006 23:59:59,2006,1,2006,4,0.061487603
2/28/2006 23:59:59,2006,2,2006,5,0.05553719
3/31/2006 23:59:59,2006,3,2006,6,0.061487603
4/30/2006 23:59:59,2006,4,2006,7,0.059504132
5/31/2006 23:59:59,2006,5,2006,8,0.061487603
6/30/2006 23:59:59,2006,6,2006,9,0.059504132
7/31/2006 23:59:59,2006,7,2006,10,0.061487603
8/31/2006 23:59:59,2006,8,2006,11,0.061487603
9/30/2006 23:59:59,2006,9,2006,12,0.059504132
10/31/2006 23:59:59,2006,10,2007,1,0.061487603
11/30/2006 23:59:59,2006,11,2007,2,0.059504132
12/31/2006 23:59:59,2006,12,2007,3,0.061487603
1/31/2007 23:59:59,2007,1,2007,4,0.061487603
2/28/2007 23:59:59,2007,2,2007,5,0.05553719
3/31/2007 23:59:59,2007,3,2007,6,0.061487603
4/30/2007 23:59:59,2007,4,2007,7,0.059504132
5/31/2007 23:59:59,2007,5,2007,8,0.061487603
6/30/2007 23:59:59,2007,6,2007,9,0.059504132
7/31/2007 23:59:59,2007,7,2007,10,0.061487603
8/31/2007 23:59:59,2007,8,2007,11,0.061487603
9/30/2007 23:59:59,2007,9,2007,12,0.059504132
10/31/2007 23:59:59,2007,10,2008,1,0.061487603
11/30/2007 23:59:59,2007,11,2008,2,0.059504132
12/31/2007 23:59:59,2007,12,2008,3,0.061487603
1/31/2008 23:59:59,2008,1,2008,4,0.061487603
2/29/2008 23:59:59,2008,2,2008,5,0.057520661
3/31/2008 23:59:59,2008,3,2008,6,0.061487603
4/30/2008 23:59:59,2008,4,2008,7,0.059504132
5/31/2008 23:59:59,2008,5,2008,8,0.061487603
6/30/2008 23:59:59,2008,6,2008,9,0.059504132
7/31/2008 23:59:59,2008,7,2008,10,0.061487603
8/31/2008 23:59:59,2008,8,2008,11,0.061487603
9/30/2008 23:59:59,2008,9,2008,12,0.059504132
10/31/2008 23:59:59,2008,10,2009,1,0.061487603
11/30/2008 23:59:59,2008,11,2009,2,0.059504132
12/31/2008 23:59:59,2008,12,2009,3,0.061487603
1/31/2009 23:59:59,2009,1,2009,4,0.061487603
2/28/2009 23:59:59,2009,2,2009,5,0.05553719
3/31/2009 23:59:59,2009,3,2009,6,0.061487603
4/30/2009 23:59:59,2009,4,2009,7,0.059504132
5/31/2009 23:59:59,2009,5,2009,8,0.061487603
6/30/2009 23:59:59,2009,6,2009,9,0.059504132
7/31/2009 23:59:59,2009,7,2009,10,0.061487603
8/31/2009 23:59:59,2009,8,2009,11,0.061487603
9/30/2009 23:59:59,2009,9,2009,12,0.059504132
10/31/2009 23:59:59,2009,10,2010,1,0.061487603
11/30/2009 23:59:59,2009,11,2010,2,0.059504132
12/31/2009 23:59:59,2009,12,2010,3,0.061487603
1/31/2010 23:59:59,2010,1,2010,4,0.061487603
2/28/2010 23:59:59,2010,2,2010,5,0.05553719
3/31/2010 23:59:59,2010,3,2010,6,0.061487603
4/30/2010 23:59:59,2010,4,2010,7,0.059504132
5/31/2010 23:59:59,2010,5,2010,8,0.061487603
6/30/2010 23:59:59,2010,6,2010,9,0.059504132
7/31/2010 23:59:59,2010,7,2010,10,0.061487603
8/31/2010 23:59:59,2010,8,2010,11,0.061487603
9/30/2010 23:59:59,2010,9,2010,12,0.059504132
10/31/2010 23:59:59,2010,10,2011,1,0.061487603
11/30/2010 23:59:59,2010,11,2011,2,0.059504132
12/31/2010 23:59:59,2010,12,2011,3,0.061487603
1/31/2011 23:59:59,2011,1,2011,4,0.061487603
2/28/2011 23:59:59,2011,2,2011,5,0.05553719
3/31/2011 23:59:59,2011,3,2011,6,0.061487603
4/30/2011 23:59:59,2011,4,2011,7,0.059504132
5/31/2011 23:59:59,2011,5,2011,8,0.061487603
6/30/2011 23:59:59,2011,6,2011,9,0.059504132
7/31/2011 23:59:59,2011,7,2011,10,0.061487603
8/31/2011 23:59:59,2011,8,2011,11,0.061487603
9/30/2011 23:59:59,2011,9,2011,12,0.059504132
10/31/2011 23:59:59,2011,10,2012,1,0.061487603
11/30/2011 23:59:59,2011,11,2012,2,0.059504132
12/31/2011 23:59:59,2011,12,2012,3,0.061487603
1/31/2012 23:59:59,2012,1,2012,4,0.061487603
2/29/2012 23:59:59,2012,2,2012,5,0.057520661
3/31/2012 23:59:59,2012,3,2012,6,0.061487603
4/30/2012 23:59:59,2012,4,2012,7,0.059504132
5/31/2012 23:59:59,2012,5,2012,8,0.061487603
6/30/2012 23:59:59,2012,6,2012,9,0.059504132
7/31/2012 23:59:59,2012,7,2012,10,0.061487603
8/31/2012 23:59:59,2012,8,2012,11,0.061487603
9/30/2012 23:59:59,2012,9,2012,12,0.059504132
10/31/2012 23:59:59,2012,10,2013,1,0.061487603
11/30/2012 23:59:59,2012,11,2013,2,0.059504132
12/31/2012 23:59:59,2012,12,2013,3,0.061487603
1/31/2013 23:59:59,2013,1,2013,4,0.061487603
2/28/2013 23:59:59,2013,2,2013,5,0.05553719
3/31/2013 23:59:59,2013,3,2013,6,0.061487603
4/30/2013 23:59:59,2013,4,2013,7,0.059504132
5/31/2013 23:59:59,2013,5,2013,8,0.061487603
6/30/2013 23:59:59,2013,6,2013,9,0.059504132
7/31/2013 23:59:59,2013,7,2013,10,0.061487603
8/31/2013 23:59:59,2013,8,2013,11,0.061487603
9/30/2013 23:59:59,2013,9,2013,12,0.059504132
10/31/2013 23:59:59,2013,10,2014,1,0.061487603
11/30/2013 23:59:59,2013,11,2014,2,0.059504132
12/31/2013 23:59:59,2013,12,2014,3,0.061487603
1/31/2014 23:59:59,2014,1,2014,4,0.061487603
2/28/2014 23:59:59,2014,2,2014,5,0.05553719
3/31/2014 23:59:59,2014,3,2014,6,0.061487603
4/30/2014 23:59:59,2014,4,2014,7,0.059504132
5/31/2014 23:59:59,2014,5,2014,8,0.061487603
6/30/2014 23:59:59,2014,6,2014,9,0.059504132
7/31/2014 23:59:59,2014,7,2014,10,0.061487603
8/31/2014 23:59:59,2014,8,2014,11,0.061487603
9/30/2014 23:59:59,2014,9,2014,12,0.059504132
10/31/2014 23:59:59,2014,10,2015,1,0.061487603
11/30/2014 23:59:59,2014,11,2015,2,0.059504132
12/31/2014 23:59:59,2014,12,2015,3,0.061487603
1/31/2015 23:59:59,2015,1,2015,4,0.061487603
2/28/2015 23:59:59,2015,2,2015,5,0.05553719
3/31/2015 23:59:59,2015,3,2015,6,0.061487603
4/30/2015 23:59:59,2015,4,2015,7,0.059504132
5/31/2015 23:59:59,2015,5,2015,8,0.061487603
6/30/2015 23:59:59,2015,6,2015,9,0.059504132
7/31/2015 23:59:59,2015,7,2015,10,0.061487603
8/31/2015 23:59:59,2015,8,2015,11,0.061487603
9/30/2015 23:59:59,2015,9,2015,12,0.059504132
10/31/2015 23:59:59,2015,10,2016,1,0.061487603
11/30/2015 23:59:59,2015,11,2016,2,0.059504132
12/31/2015 23:59:59,2015,12,2016,3,0.061487603
1/31/2016 23:59:59,2016,1,2016,4,0.061487603
2/29/2016 23:59:59,2016,2,2016,5,0.057520661
3/31/2016 23:59:59,2016,3,2016,6,0.061487603
4/30/2016 23:59:59,2016,4,2016,7,0.059504132
5/31/2016 23:59:59,2016,5,2016,8,0.061487603
6/30/2016 23:59:59,2016,6,2016,9,0.059504132
7/31/2016 23:59:59,2016,7,2016,10,0.061487603
8/31/2016 23:59:59,2016,8,2016,11,0.061487603
9/30/2016 23:59:59,2016,9,2016,12,0.059504132
10/31/2016 23:59:59,2016,10,2017,1,0.061487603
11/30/2016 23:59:59,2016,11,2017,2,0.059504132
12/31/2016 23:59:59,2016,12,2017,3,0.061487603
1/31/2017 23:59:59,2017,1,2017,4,0.061487603
2/28/2017 23:59:59,2017,2,2017,5,0.05553719
3/31/2017 23:59:59,2017,3,2017,6,0.061487603
4/30/2017 23:59:59,2017,4,2017,7,0.059504132
5/31/2017 23:59:59,2017,5,2017,8,0.061487603
6/30/2017 23:59:59,2017,6,2017,9,0.059504132
7/31/2017 23:59:59,2017,7,2017,10,0.061487603
8/31/2017 23:59:59,2017,8,2017,11,0.061487603
9/30/2017 23:59:59,2017,9,2017,12,0.059504132
10/31/2017 23:59:59,2017,10,2018,1,0.061487603
11/30/2017 23:59:59,2017,11,2018,2,0.059504132
12/31/2017 23:59:59,2017,12,2018,3,0.061487603
1/31/2018 23:59:59,2018,1,2018,4,0.061487603
2/28/2018 23:59:59,2018,2,2018,5,0.05553719
3/31/2018 23:59:59,2018,3,2018,6,0.061487603
4/30/2018 23:59:59,2018,4,2018,7,0.059504132
5/31/2018 23:59:59,2018,5,2018,8,0.061487603
6/30/2018 23:59:59,2018,6,2018,9,0.059504132
7/31/2018 23:59:59,2018,7,2018,10,0.061487603
8/31/2018 23:59:59,2018,8,2018,11,0.061487603
9/30/2018 23:59:59,2018,9,2018,12,0.059504132
10/31/2018 23:59:59,2018,10,2019,1,0.061487603
11/30/2018 23:59:59,2018,11,2019,2,0.059504132
12/31/2018 23:59:59,2018,12,2019,3,0.061487603
1/31/2019 23:59:59,2019,1,2019,4,0.061487603
2/28/2019 23:59:59,2019,2,2019,5,0.05553719
3/31/2019 23:59:59,2019,3,2019,6,0.061487603
4/30/2019 23:59:59,2019,4,2019,7,0.059504132
5/31/2019 23:59:59,2019,5,2019,8,0.061487603
6/30/2019 23:59:59,2019,6,2019,9,0.059504132
7/31/2019 23:59:59,2019,7,2019,10,0.061487603
8/31/2019 23:59:59,2019,8,2019,11,0.061487603
9/30/2019 23:59:59,2019,9,2019,12,0.059504132
10/31/2019 23:59:59,2019,10,2020,1,0.061487603
11/30/2019 23:59:59,2019,11,2020,2,0.059504132
12/31/2019 23:59:59,2019,12,2020,3,0.061487603
1/31/2020 23:59:59,2020,1,2020,4,0.061487603
2/29/2020 23:59:59,2020,2,2020,5,0.057520661
3/31/2020 23:59:59,2020,3,2020,6,0.061487603
4/30/2020 23:59:59,2020,4,2020,7,0.059504132
5/31/2020 23:59:59,2020,5,2020,8,0.061487603
6/30/2020 23:59:59,2020,6,2020,9,0.059504132
7/31/2020 23:59:59,2020,7,2020,10,0.061487603
8/31/2020 23:59:59,2020,8,2020,11,0.061487603
9/30/2020 23:59:59,2020,9,2020,12,0.059504132
10/31/2020 23:59:59,2020,10,2021,1,0.061487603
11/30/2020 23:59:59,2020,11,2021,2,0.059504132
12/31/2020 23:59:59,2020,12,2021,3,0.061487603
1/31/2021 23:59:59,2021,1,2021,4,0.061487603
2/28/2021 23:59:59,2021,2,2021,5,0.05553719
3/31/2021 23:59:59,2021,3,2021,6,0.061487603
4/30/2021 23:59:59,2021,4,2021,7,0.059504132
5/31/2021 23:59:59,2021,5,2021,8,0.061487603
6/30/2021 23:59:59,2021,6,2021,9,0.059504132
7/31/2021 23:59:59,2021,7,2021,10,0.061487603
8/31/2021 23:59:59,2021,8,2021,11,0.061487603
9/30/2021 23:59:59,2021,9,2021,12,0.059504132
10/31/2021 23:59:59,2021,10,2022,1,0.061487603
11/30/2021 23:59:59,2021,11,2022,2,0.059504132
12/31/2021 23:59:59,2021,12,2022,3,0.061487603