,S_OROVL,S_FOLSM,icy,icm,iwy,iwm,cfs_taf
1921-10-31 23:59:59,2176.3003426990895,519.764776349748,1921,10,1922,1,0.061487603
1921-11-30 23:59:59,2104.373940650806,444.8436921811484,1921,11,1922,2,0.059504132
1921-12-31 23:59:59,2151.72865854521,455.4686831753222,1921,12,1922,3,0.061487603
1922-01-31 23:59:59,2147.5346825248666,471.08316284965855,1922,1,1922,4,0.061487603
1922-02-28 23:59:59,2415.976295501042,566.9999999999999,1922,2,1922,5,0.05553719
1922-03-31 23:59:59,2682.304376491705,750.338466511142,1922,3,1922,6,0.061487603
1922-04-30 23:59:59,3345.573894029082,899.9999999999998,1922,4,1922,7,0.059504132
1922-05-31 23:59:59,3538.0000000000005,966.9999999999997,1922,5,1922,8,0.061487603
1922-06-30 23:59:59,3537.9999999999995,966.9999999999998,1922,6,1922,9,0.059504132
1922-07-31 23:59:59,3027.0925332797838,942.0000000000001,1922,7,1922,10,0.061487603
1922-08-31 23:59:59,2523.9560806212685,792.0000000000003,1922,8,1922,11,0.061487603
1922-09-30 23:59:59,2374.2378294004775,711.4785645308978,1922,9,1922,12,0.059504132
1922-10-31 23:59:59,2190.584749675704,678.6437612688364,1922,10,1923,1,0.061487603
1922-11-30 23:59:59,2169.134927054097,567.0000000000003,1922,11,1923,2,0.059504132
1922-12-31 23:59:59,2382.18967996243,566.9999999999995,1922,12,1923,3,0.061487603
1923-01-31 23:59:59,2494.390999894054,567.0000000000003,1923,1,1923,4,0.061487603
1923-02-28 23:59:59,2552.0012158002583,566.9999999999999,1923,2,1923,5,0.05553719
1923-03-31 23:59:59,2714.1623103148795,627.8578168532218,1923,3,1923,6,0.061487603
1923-04-30 23:59:59,3160.7428780939113,900.0,1923,4,1923,7,0.059504132
1923-05-31 23:59:59,3205.3996744525457,967.0,1923,5,1923,8,0.061487603
1923-06-30 23:59:59,3354.167745316042,967.0000000000002,1923,6,1923,9,0.059504132
1923-07-31 23:59:59,2766.6134497215403,743.3635889337357,1923,7,1923,10,0.061487603
1923-08-31 23:59:59,2254.4703228865515,710.7034534763309,1923,8,1923,11,0.061487603
1923-09-30 23:59:59,2158.3814324894665,604.8574800745341,1923,9,1923,12,0.059504132
1923-10-31 23:59:59,2035.4391003597832,577.1069790496013,1923,10,1924,1,0.061487603
1923-11-30 23:59:59,1944.9143735152998,506.86577750147023,1923,11,1924,2,0.059504132
1923-12-31 23:59:59,1853.6546921841516,459.36459058738717,1923,12,1924,3,0.061487603
1924-01-31 23:59:59,1780.9476592332064,420.35175011319086,1924,1,1924,4,0.061487603
1924-02-29 23:59:59,1921.6040282926863,432.61131216536376,1924,2,1924,5,0.057520661
1924-03-31 23:59:59,1887.7965876891694,412.763279857773,1924,3,1924,6,0.061487603
1924-04-30 23:59:59,1809.5526094415998,405.1911539708487,1924,4,1924,7,0.059504132
1924-05-31 23:59:59,1619.6186483184485,348.54222339703756,1924,5,1924,8,0.061487603
1924-06-30 23:59:59,1366.5016256459746,328.4064763513406,1924,6,1924,9,0.059504132
1924-07-31 23:59:59,979.279736628087,301.72616015616626,1924,7,1924,10,0.061487603
1924-08-31 23:59:59,768.7213121959834,277.97547566605573,1924,8,1924,11,0.061487603
1924-09-30 23:59:59,763.9683700552532,273.3884104042516,1924,9,1924,12,0.059504132
1924-10-31 23:59:59,777.6854755044039,261.8980238030728,1924,10,1925,1,0.061487603
1924-11-30 23:59:59,829.6277783076524,286.4299618716501,1924,11,1925,2,0.059504132
1924-12-31 23:59:59,872.7251679604477,377.836406105087,1924,12,1925,3,0.061487603
1925-01-31 23:59:59,897.1776993148724,454.16648051678715,1925,1,1925,4,0.061487603
1925-02-28 23:59:59,1509.869872407792,567.0000000000002,1925,2,1925,5,0.05553719
1925-03-31 23:59:59,1713.3521270765805,692.0417765593511,1925,3,1925,6,0.061487603
1925-04-30 23:59:59,2064.2025962901585,899.9999999999995,1925,4,1925,7,0.059504132
1925-05-31 23:59:59,2188.7628315698885,967.0000000000001,1925,5,1925,8,0.061487603
1925-06-30 23:59:59,2060.0621377495863,967.0,1925,6,1925,9,0.059504132
1925-07-31 23:59:59,1773.522041910598,724.5366199807145,1925,7,1925,10,0.061487603
1925-08-31 23:59:59,1608.6332917972431,676.7678710709716,1925,8,1925,11,0.061487603
1925-09-30 23:59:59,1637.910222975907,643.8227063677392,1925,9,1925,12,0.059504132
1925-10-31 23:59:59,1596.3422615850477,562.59133724843,1925,10,1926,1,0.061487603
1925-11-30 23:59:59,1598.567858904444,503.4602370748665,1925,11,1926,2,0.059504132
1925-12-31 23:59:59,1599.1072398694712,477.3909982304476,1925,12,1926,3,0.061487603
1926-01-31 23:59:59,1607.6284362245558,437.85481715985753,1926,1,1926,4,0.061487603
1926-02-28 23:59:59,2078.6316039465473,567.0,1926,2,1926,5,0.05553719
1926-03-31 23:59:59,2268.9940131254343,593.7462965480759,1926,3,1926,6,0.061487603
1926-04-30 23:59:59,2925.065368236028,870.4580251327121,1926,4,1926,7,0.059504132
1926-05-31 23:59:59,2747.442314493512,907.1702649630805,1926,5,1926,8,0.061487603
1926-06-30 23:59:59,2402.935446555129,774.2921927849867,1926,6,1926,9,0.059504132
1926-07-31 23:59:59,1681.3188028651643,577.7546041063587,1926,7,1926,10,0.061487603
1926-08-31 23:59:59,1580.4490257168247,476.05792814763385,1926,8,1926,11,0.061487603
1926-09-30 23:59:59,1583.5020661608003,436.4072665331107,1926,9,1926,12,0.059504132
1926-10-31 23:59:59,1520.9069612677736,377.5696977888749,1926,10,1927,1,0.061487603
1926-11-30 23:59:59,1808.3120286498033,526.4841846942547,1926,11,1927,2,0.059504132
1926-12-31 23:59:59,1992.1029986239282,567.0,1926,12,1927,3,0.061487603
1927-01-31 23:59:59,2219.7881095303082,567.0,1927,1,1927,4,0.061487603
1927-02-28 23:59:59,2787.9999999999995,567.0,1927,2,1927,5,0.05553719
1927-03-31 23:59:59,2999.0,756.0,1927,3,1927,6,0.061487603
1927-04-30 23:59:59,3398.053750766705,900.0000000000002,1927,4,1927,7,0.059504132
1927-05-31 23:59:59,3538.0000000000005,966.9999999999999,1927,5,1927,8,0.061487603
1927-06-30 23:59:59,3538.0,966.9999999999999,1927,6,1927,9,0.059504132
1927-07-31 23:59:59,2966.9109444641063,805.9853112878544,1927,7,1927,10,0.061487603
1927-08-31 23:59:59,2456.232843250395,694.0433489277134,1927,8,1927,11,0.061487603
1927-09-30 23:59:59,2084.371713613359,628.8353369246802,1927,9,1927,12,0.059504132
1927-10-31 23:59:59,2019.75856105604,593.7082312258015,1927,10,1928,1,0.061487603
1927-11-30 23:59:59,2161.37956437609,567.0,1927,11,1928,2,0.059504132
1927-12-31 23:59:59,2191.446466346121,543.2737215257775,1927,12,1928,3,0.061487603
1928-01-31 23:59:59,2219.9564540198635,539.8775034201616,1928,1,1928,4,0.061487603
1928-02-29 23:59:59,2417.011319169666,566.9999999999999,1928,2,1928,5,0.057520661
1928-03-31 23:59:59,2797.0,756.0,1928,3,1928,6,0.061487603
1928-04-30 23:59:59,3289.4223419565346,900.0000000000002,1928,4,1928,7,0.059504132
1928-05-31 23:59:59,3367.988990985739,967.0000000000001,1928,5,1928,8,0.061487603
1928-06-30 23:59:59,3139.73276146673,920.9753930623132,1928,6,1928,9,0.059504132
1928-07-31 23:59:59,2481.672510926448,650.3084920146523,1928,7,1928,10,0.061487603
1928-08-31 23:59:59,1933.3253104273638,556.070955122469,1928,8,1928,11,0.061487603
1928-09-30 23:59:59,1843.2759271170482,448.3073322143514,1928,9,1928,12,0.059504132
1928-10-31 23:59:59,1690.0450044989484,402.1589062794369,1928,10,1929,1,0.061487603
1928-11-30 23:59:59,1620.0831890007742,340.70772308455054,1928,11,1929,2,0.059504132
1928-12-31 23:59:59,1599.223983718417,300.6718798713377,1928,12,1929,3,0.061487603
1929-01-31 23:59:59,1541.7456250334346,256.3880631585381,1929,1,1929,4,0.061487603
1929-02-28 23:59:59,1575.203700929565,274.17401002245435,1929,2,1929,5,0.05553719
1929-03-31 23:59:59,1603.402232502408,318.7907323406469,1929,3,1929,6,0.061487603
1929-04-30 23:59:59,1721.2500566533283,398.8362806371989,1929,4,1929,7,0.059504132
1929-05-31 23:59:59,1759.4816780335473,508.7521497224145,1929,5,1929,8,0.061487603
1929-06-30 23:59:59,1653.225457956512,623.0467262676057,1929,6,1929,9,0.059504132
1929-07-31 23:59:59,1371.8457284320762,537.7159699759394,1929,7,1929,10,0.061487603
1929-08-31 23:59:59,1162.4906250714907,491.4105815537213,1929,8,1929,11,0.061487603
1929-09-30 23:59:59,1151.7415651762315,464.65034304938723,1929,9,1929,12,0.059504132
1929-10-31 23:59:59,1106.2584416903082,400.28587878822304,1929,10,1930,1,0.061487603
1929-11-30 23:59:59,1008.9756659435884,386.26126707345924,1929,11,1930,2,0.059504132
1929-12-31 23:59:59,1676.2867963581282,521.9599894588214,1929,12,1930,3,0.061487603
1930-01-31 23:59:59,1877.718464124677,567.0000000000001,1930,1,1930,4,0.061487603
1930-02-28 23:59:59,2158.5911632717302,566.9999999999998,1930,2,1930,5,0.05553719
1930-03-31 23:59:59,2626.1924144399272,739.6036836076403,1930,3,1930,6,0.061487603
1930-04-30 23:59:59,3031.620140239458,868.0026770542618,1930,4,1930,7,0.059504132
1930-05-31 23:59:59,3066.6386704986585,963.2863267263629,1930,5,1930,8,0.061487603
1930-06-30 23:59:59,2712.053980779476,801.6658657628213,1930,6,1930,9,0.059504132
1930-07-31 23:59:59,2005.7500425808785,598.5600592584525,1930,7,1930,10,0.061487603
1930-08-31 23:59:59,1591.6553523117382,501.2689766935636,1930,8,1930,11,0.061487603
1930-09-30 23:59:59,1594.9122013890264,471.1400337374532,1930,9,1930,12,0.059504132
1930-10-31 23:59:59,1596.3224205932297,436.5555498117462,1930,10,1931,1,0.061487603
1930-11-30 23:59:59,1598.2230921079279,439.506048654921,1930,11,1931,2,0.059504132
1930-12-31 23:59:59,1552.4008979879814,452.58459557160006,1930,12,1931,3,0.061487603
1931-01-31 23:59:59,1567.8249173142606,461.3001998670879,1931,1,1931,4,0.061487603
1931-02-28 23:59:59,1598.7333111893308,461.9075199847326,1931,2,1931,5,0.05553719
1931-03-31 23:59:59,1716.26917015632,505.6982361173807,1931,3,1931,6,0.061487603
1931-04-30 23:59:59,1650.3667394085219,523.3390585122429,1931,4,1931,7,0.059504132
1931-05-31 23:59:59,1573.578381348196,511.02133509152594,1931,5,1931,8,0.061487603
1931-06-30 23:59:59,1363.7876936965934,483.6058524327848,1931,6,1931,9,0.059504132
1931-07-31 23:59:59,977.0699451469293,396.48489532612217,1931,7,1931,10,0.061487603
1931-08-31 23:59:59,729.6642292287728,346.6502446181121,1931,8,1931,11,0.061487603
1931-09-30 23:59:59,712.697845790353,348.51599087645377,1931,9,1931,12,0.059504132
1931-10-31 23:59:59,745.2758258747372,331.7845644741413,1931,10,1932,1,0.061487603
1931-11-30 23:59:59,755.8738245009916,347.0253683932471,1931,11,1932,2,0.059504132
1931-12-31 23:59:59,908.1389969261947,524.0331012328242,1931,12,1932,3,0.061487603
1932-01-31 23:59:59,1013.4463686520215,566.9999999999999,1932,1,1932,4,0.061487603
1932-02-29 23:59:59,1128.5374332423282,566.9999999999997,1932,2,1932,5,0.057520661
1932-03-31 23:59:59,1521.9057518807379,693.6690133987275,1932,3,1932,6,0.061487603
1932-04-30 23:59:59,1782.6920800222747,850.1762569005615,1932,4,1932,7,0.059504132
1932-05-31 23:59:59,2115.5463526989865,967.0000000000007,1932,5,1932,8,0.061487603
1932-06-30 23:59:59,1975.9571585589626,967.0000000000003,1932,6,1932,9,0.059504132
1932-07-31 23:59:59,1712.2438582238767,941.9999999999998,1932,7,1932,10,0.061487603
1932-08-31 23:59:59,1591.921892887828,792.0000000000002,1932,8,1932,11,0.061487603
1932-09-30 23:59:59,1574.6849953954772,730.377640950075,1932,9,1932,12,0.059504132
1932-10-31 23:59:59,1568.7211992448833,568.9972578879214,1932,10,1933,1,0.061487603
1932-11-30 23:59:59,1512.898648012399,504.98110569153397,1932,11,1933,2,0.059504132
1932-12-31 23:59:59,1490.8469427218565,463.23553848332006,1932,12,1933,3,0.061487603
1933-01-31 23:59:59,1457.8008303335203,431.4254856392053,1933,1,1933,4,0.061487603
1933-02-28 23:59:59,1492.8477331270758,393.0589032578327,1933,2,1933,5,0.05553719
1933-03-31 23:59:59,1597.8984040825612,438.0470778163998,1933,3,1933,6,0.061487603
1933-04-30 23:59:59,1725.383675502582,517.9583622634977,1933,4,1933,7,0.059504132
1933-05-31 23:59:59,1817.6924324529089,655.5693504183257,1933,5,1933,8,0.061487603
1933-06-30 23:59:59,1781.3640408103922,817.5395711650954,1933,6,1933,9,0.059504132
1933-07-31 23:59:59,1579.672101674224,592.0000000000001,1933,7,1933,10,0.061487603
1933-08-31 23:59:59,1359.9976760242241,527.3301712253592,1933,8,1933,11,0.061487603
1933-09-30 23:59:59,1370.1193563645907,500.4724969319791,1933,9,1933,12,0.059504132
1933-10-31 23:59:59,1328.912564583388,483.7912437029295,1933,10,1934,1,0.061487603
1933-11-30 23:59:59,1245.3907364135675,482.9080613922688,1933,11,1934,2,0.059504132
1933-12-31 23:59:59,1291.0105156380082,567.0000000000003,1933,12,1934,3,0.061487603
1934-01-31 23:59:59,1423.4731522272912,566.9999999999999,1934,1,1934,4,0.061487603
1934-02-28 23:59:59,1598.9392921667593,567.0,1934,2,1934,5,0.05553719
1934-03-31 23:59:59,1823.1911536111204,616.5666503546145,1934,3,1934,6,0.061487603
1934-04-30 23:59:59,1856.7164127052727,659.8061884878896,1934,4,1934,7,0.059504132
1934-05-31 23:59:59,1778.8623847254078,640.8201961702019,1934,5,1934,8,0.061487603
1934-06-30 23:59:59,1593.0284733493315,589.9080082949476,1934,6,1934,9,0.059504132
1934-07-31 23:59:59,1268.4933331666148,463.2406968180185,1934,7,1934,10,0.061487603
1934-08-31 23:59:59,1053.9402129730647,423.1547004754512,1934,8,1934,11,0.061487603
1934-09-30 23:59:59,1052.6179150653845,383.5399292412734,1934,9,1934,12,0.059504132
1934-10-31 23:59:59,1043.045853603337,360.4515978454365,1934,10,1935,1,0.061487603
1934-11-30 23:59:59,1047.1411295892428,388.711684688571,1934,11,1935,2,0.059504132
1934-12-31 23:59:59,1033.2560512190662,427.30731612127033,1934,12,1935,3,0.061487603
1935-01-31 23:59:59,1168.1650417170504,553.4958417654705,1935,1,1935,4,0.061487603
1935-02-28 23:59:59,1310.7145637099309,567.0000000000001,1935,2,1935,5,0.05553719
1935-03-31 23:59:59,1543.8596596343439,672.1094448642649,1935,3,1935,6,0.061487603
1935-04-30 23:59:59,2591.136527452247,899.9999999999998,1935,4,1935,7,0.059504132
1935-05-31 23:59:59,2905.578185617856,967.0000000000001,1935,5,1935,8,0.061487603
1935-06-30 23:59:59,2968.478754589452,967.0000000000001,1935,6,1935,9,0.059504132
1935-07-31 23:59:59,2366.2721582010477,743.6797934540916,1935,7,1935,10,0.061487603
1935-08-31 23:59:59,1829.849020945368,650.4244760225968,1935,8,1935,11,0.061487603
1935-09-30 23:59:59,1716.4207399340246,610.5251032096453,1935,9,1935,12,0.059504132
1935-10-31 23:59:59,1596.4995473707525,576.892713796768,1935,10,1936,1,0.061487603
1935-11-30 23:59:59,1530.2810463889466,396.15638151629474,1935,11,1936,2,0.059504132
1935-12-31 23:59:59,1461.921288767139,353.8087735729763,1935,12,1936,3,0.061487603
1936-01-31 23:59:59,1848.5581187073274,566.9999999999997,1936,1,1936,4,0.061487603
1936-02-29 23:59:59,2608.615976150048,567.0000000000001,1936,2,1936,5,0.057520661
1936-03-31 23:59:59,2954.0,756.0000000000005,1936,3,1936,6,0.061487603
1936-04-30 23:59:59,3408.0000000000005,899.9999999999995,1936,4,1936,7,0.059504132
1936-05-31 23:59:59,3538.000000000002,966.9999999999999,1936,5,1936,8,0.061487603
1936-06-30 23:59:59,3538.0000000000005,967.0000000000005,1936,6,1936,9,0.059504132
1936-07-31 23:59:59,2937.9741520218604,780.3880913139321,1936,7,1936,10,0.061487603
1936-08-31 23:59:59,2424.2414913179805,716.1081953319538,1936,8,1936,11,0.061487603
1936-09-30 23:59:59,1994.334477153392,678.2639580155774,1936,9,1936,12,0.059504132
1936-10-31 23:59:59,1926.7220935884711,567.9891394218978,1936,10,1937,1,0.061487603
1936-11-30 23:59:59,1825.3634042641725,501.41260255138815,1936,11,1937,2,0.059504132
1936-12-31 23:59:59,1734.8395067876945,454.94146665057497,1936,12,1937,3,0.061487603
1937-01-31 23:59:59,1646.088218970956,425.69123430914385,1937,1,1937,4,0.061487603
1937-02-28 23:59:59,1774.3127555527976,567.0000000000003,1937,2,1937,5,0.05553719
1937-03-31 23:59:59,2079.630775062943,755.9999999999999,1937,3,1937,6,0.061487603
1937-04-30 23:59:59,2556.92771819512,900.0000000000005,1937,4,1937,7,0.059504132
1937-05-31 23:59:59,2911.9188694377112,967.0,1937,5,1937,8,0.061487603
1937-06-30 23:59:59,2695.1612102294375,927.1552265815839,1937,6,1937,9,0.059504132
1937-07-31 23:59:59,2125.023375538792,691.4716936107812,1937,7,1937,10,0.061487603
1937-08-31 23:59:59,1637.223165339887,596.5448011825007,1937,8,1937,11,0.061487603
1937-09-30 23:59:59,1630.1596954393017,545.5988393547847,1937,9,1937,12,0.059504132
1937-10-31 23:59:59,1596.4086429048423,472.69969180109894,1937,10,1938,1,0.061487603
1937-11-30 23:59:59,1724.1290933031548,435.7097292439205,1937,11,1938,2,0.059504132
1937-12-31 23:59:59,2649.0705794168293,567.0,1937,12,1938,3,0.061487603
1938-01-31 23:59:59,2809.473846903155,567.0000000000001,1938,1,1938,4,0.061487603
1938-02-28 23:59:59,2788.0,567.0000000000002,1938,2,1938,5,0.05553719
1938-03-31 23:59:59,2788.000000000002,756.0000000000002,1938,3,1938,6,0.061487603
1938-04-30 23:59:59,3278.072111016651,900.0000000000002,1938,4,1938,7,0.059504132
1938-05-31 23:59:59,3537.9999999999995,966.9999999999999,1938,5,1938,8,0.061487603
1938-06-30 23:59:59,3538.0,966.9999999999999,1938,6,1938,9,0.059504132
1938-07-31 23:59:59,3261.2224756496857,941.9999999999998,1938,7,1938,10,0.061487603
1938-08-31 23:59:59,3101.51425214945,792.0000000000001,1938,8,1938,11,0.061487603
1938-09-30 23:59:59,2898.1703880043465,752.0000000000001,1938,9,1938,12,0.059504132
1938-10-31 23:59:59,2785.6857983115037,712.000000000001,1938,10,1939,1,0.061487603
1938-11-30 23:59:59,2756.741454329381,567.0,1938,11,1939,2,0.059504132
1938-12-31 23:59:59,2710.8623183899117,539.3100363783717,1938,12,1939,3,0.061487603
1939-01-31 23:59:59,2651.8310262373093,505.0167512037729,1939,1,1939,4,0.061487603
1939-02-28 23:59:59,2658.773015390674,489.1091805969832,1939,2,1939,5,0.05553719
1939-03-31 23:59:59,2785.214429849788,567.6093813361874,1939,3,1939,6,0.061487603
1939-04-30 23:59:59,2806.0066554985656,683.9706604647649,1939,4,1939,7,0.059504132
1939-05-31 23:59:59,2598.7652027076474,699.9088834735852,1939,5,1939,8,0.061487603
1939-06-30 23:59:59,2347.847466544817,619.1759115604419,1939,6,1939,9,0.059504132
1939-07-31 23:59:59,1705.0729786607963,503.84729105387294,1939,7,1939,10,0.061487603
1939-08-31 23:59:59,1497.2884695427342,408.42564990013483,1939,8,1939,11,0.061487603
1939-09-30 23:59:59,1485.6095398885593,389.78384227178475,1939,9,1939,12,0.059504132
1939-10-31 23:59:59,1421.4752041044972,377.13069336952367,1939,10,1940,1,0.061487603
1939-11-30 23:59:59,1322.3279029525856,385.9885902937441,1939,11,1940,2,0.059504132
1939-12-31 23:59:59,1259.888492914334,415.35972959739604,1939,12,1940,3,0.061487603
1940-01-31 23:59:59,1685.6914389269625,567.0,1940,1,1940,4,0.061487603
1940-02-29 23:59:59,2697.169659102848,566.9999999999992,1940,2,1940,5,0.057520661
1940-03-31 23:59:59,2788.0,756.0000000000015,1940,3,1940,6,0.061487603
1940-04-30 23:59:59,3238.000000000001,899.9999999999997,1940,4,1940,7,0.059504132
1940-05-31 23:59:59,3446.2346668172518,967.0000000000003,1940,5,1940,8,0.061487603
1940-06-30 23:59:59,3260.407514615405,929.1811590475769,1940,6,1940,9,0.059504132
1940-07-31 23:59:59,2591.2143876000127,647.7962157871201,1940,7,1940,10,0.061487603
1940-08-31 23:59:59,2057.398117172286,528.9902488461069,1940,8,1940,11,0.061487603
1940-09-30 23:59:59,1841.7306264764375,494.59137103896336,1940,9,1940,12,0.059504132
1940-10-31 23:59:59,1695.6524794666404,400.3022647964535,1940,10,1941,1,0.061487603
1940-11-30 23:59:59,1704.8243316906746,357.9231183642724,1940,11,1941,2,0.059504132
1940-12-31 23:59:59,2210.8342229786485,524.933791414759,1940,12,1941,3,0.061487603
1941-01-31 23:59:59,2716.3990721998052,566.9999999999986,1941,1,1941,4,0.061487603
1941-02-28 23:59:59,2788.0,567.0000000000002,1941,2,1941,5,0.05553719
1941-03-31 23:59:59,2918.0,755.9999999999992,1941,3,1941,6,0.061487603
1941-04-30 23:59:59,3336.48342090183,900.0,1941,4,1941,7,0.059504132
1941-05-31 23:59:59,3538.0000000000005,967.0000000000001,1941,5,1941,8,0.061487603
1941-06-30 23:59:59,3537.9999999999995,967.0000000000002,1941,6,1941,9,0.059504132
1941-07-31 23:59:59,3105.378403907235,941.9999999999999,1941,7,1941,10,0.061487603
1941-08-31 23:59:59,2996.5258684324194,792.0000000000001,1941,8,1941,11,0.061487603
1941-09-30 23:59:59,2779.3148459364375,751.9999999999997,1941,9,1941,12,0.059504132
1941-10-31 23:59:59,2596.3188453126436,712.0000000000006,1941,10,1942,1,0.061487603
1941-11-30 23:59:59,2573.328112937997,567.0,1941,11,1942,2,0.059504132
1941-12-31 23:59:59,2788.0,567.0000000000007,1941,12,1942,3,0.061487603
1942-01-31 23:59:59,2788.000000000001,567.0000000000002,1942,1,1942,4,0.061487603
1942-02-28 23:59:59,2806.0,567.0000000000015,1942,2,1942,5,0.05553719
1942-03-31 23:59:59,3057.9999999999995,717.5027351871071,1942,3,1942,6,0.061487603
1942-04-30 23:59:59,3284.0400105666718,900.0000000000002,1942,4,1942,7,0.059504132
1942-05-31 23:59:59,3537.999999999999,967.0000000000002,1942,5,1942,8,0.061487603
1942-06-30 23:59:59,3537.9999999999995,966.9999999999999,1942,6,1942,9,0.059504132
1942-07-31 23:59:59,3057.13044816671,942.0000000000003,1942,7,1942,10,0.061487603
1942-08-31 23:59:59,2814.130013604029,792.0000000000001,1942,8,1942,11,0.061487603
1942-09-30 23:59:59,2589.5223424075807,752.0000000000002,1942,9,1942,12,0.059504132
1942-10-31 23:59:59,2438.180883685771,712.0000000000006,1942,10,1943,1,0.061487603
1942-11-30 23:59:59,2518.1247599606622,567.0,1942,11,1943,2,0.059504132
1942-12-31 23:59:59,2716.2397648665556,567.0000000000002,1942,12,1943,3,0.061487603
1943-01-31 23:59:59,2787.999999999999,567.0,1943,1,1943,4,0.061487603
1943-02-28 23:59:59,2890.0,566.9999999999999,1943,2,1943,5,0.05553719
1943-03-31 23:59:59,2937.000000000001,755.9999999999995,1943,3,1943,6,0.061487603
1943-04-30 23:59:59,3350.0000000000005,900.0000000000006,1943,4,1943,7,0.059504132
1943-05-31 23:59:59,3538.0,967.0,1943,5,1943,8,0.061487603
1943-06-30 23:59:59,3538.0,967.0,1943,6,1943,9,0.059504132
1943-07-31 23:59:59,2987.9430994415147,828.7462450382865,1943,7,1943,10,0.061487603
1943-08-31 23:59:59,2487.8884836738857,781.6398229419501,1943,8,1943,11,0.061487603
1943-09-30 23:59:59,2102.3385946089174,750.6778898615006,1943,9,1943,12,0.059504132
1943-10-31 23:59:59,1905.7441466688551,711.3292755153068,1943,10,1944,1,0.061487603
1943-11-30 23:59:59,1807.5130556218746,545.9445692734199,1943,11,1944,2,0.059504132
1943-12-31 23:59:59,1774.8585717841597,505.9770847783638,1943,12,1944,3,0.061487603
1944-01-31 23:59:59,1756.3879987678538,479.0247610562252,1944,1,1944,4,0.061487603
1944-02-29 23:59:59,1844.1022585535518,535.3015601952135,1944,2,1944,5,0.057520661
1944-03-31 23:59:59,2057.278958066294,638.535713097288,1944,3,1944,6,0.061487603
1944-04-30 23:59:59,2341.33599483121,723.9095449866935,1944,4,1944,7,0.059504132
1944-05-31 23:59:59,2466.2758207794745,906.8375138387837,1944,5,1944,8,0.061487603
1944-06-30 23:59:59,2309.582309574443,886.9171733834371,1944,6,1944,9,0.059504132
1944-07-31 23:59:59,1674.1220769660056,717.7514657285824,1944,7,1944,10,0.061487603
1944-08-31 23:59:59,1531.4590900889032,666.7383994863944,1944,8,1944,11,0.061487603
1944-09-30 23:59:59,1514.012334845123,638.855985877791,1944,9,1944,12,0.059504132
1944-10-31 23:59:59,1393.799127935955,592.0,1944,10,1945,1,0.061487603
1944-11-30 23:59:59,1459.2689714202475,567.0000000000001,1944,11,1945,2,0.059504132
1944-12-31 23:59:59,1566.6617682945216,567.0000000000001,1944,12,1945,3,0.061487603
1945-01-31 23:59:59,1576.9570220846633,567.0,1945,1,1945,4,0.061487603
1945-02-28 23:59:59,2142.604992818833,567.0000000000006,1945,2,1945,5,0.05553719
1945-03-31 23:59:59,2375.431190714234,699.8097487088901,1945,3,1945,6,0.061487603
1945-04-30 23:59:59,2674.942551502114,886.3421162405859,1945,4,1945,7,0.059504132
1945-05-31 23:59:59,2926.642750562317,967.0,1945,5,1945,8,0.061487603
1945-06-30 23:59:59,2848.303738195978,967.0000000000003,1945,6,1945,9,0.059504132
1945-07-31 23:59:59,2223.0561406675715,801.9394016273553,1945,7,1945,10,0.061487603
1945-08-31 23:59:59,1793.5107093374081,685.8362169715307,1945,8,1945,11,0.061487603
1945-09-30 23:59:59,1794.2359157269198,634.4072632109879,1945,9,1945,12,0.059504132
1945-10-31 23:59:59,1691.8073548855975,622.0048872067575,1945,10,1946,1,0.061487603
1945-11-30 23:59:59,1780.422557550316,567.0,1945,11,1946,2,0.059504132
1945-12-31 23:59:59,2463.6922166830527,567.0000000000002,1945,12,1946,3,0.061487603
1946-01-31 23:59:59,2750.610460627821,566.9999999999997,1946,1,1946,4,0.061487603
1946-02-28 23:59:59,2861.306146165545,567.0000000000001,1946,2,1946,5,0.05553719
1946-03-31 23:59:59,3063.0,752.3887182673892,1946,3,1946,6,0.061487603
1946-04-30 23:59:59,3460.6405338710088,900.0000000000001,1946,4,1946,7,0.059504132
1946-05-31 23:59:59,3538.0000000000005,967.0000000000005,1946,5,1946,8,0.061487603
1946-06-30 23:59:59,3387.0112421481317,967.0,1946,6,1946,9,0.059504132
1946-07-31 23:59:59,2790.5553166390287,754.470188481349,1946,7,1946,10,0.061487603
1946-08-31 23:59:59,2278.590545549495,667.1953808557732,1946,8,1946,11,0.061487603
1946-09-30 23:59:59,1950.4518082327252,633.7267722999956,1946,9,1946,12,0.059504132
1946-10-31 23:59:59,1863.1895345544087,554.474403178022,1946,10,1947,1,0.061487603
1946-11-30 23:59:59,1916.3188095599892,547.966244824912,1946,11,1947,2,0.059504132
1946-12-31 23:59:59,1954.0220106844881,553.7175713473006,1946,12,1947,3,0.061487603
1947-01-31 23:59:59,1879.8369566710685,490.3501070179715,1947,1,1947,4,0.061487603
1947-02-28 23:59:59,2071.152285283523,545.3669861085376,1947,2,1947,5,0.05553719
1947-03-31 23:59:59,2381.4713393923457,692.5889978325273,1947,3,1947,6,0.061487603
1947-04-30 23:59:59,2609.889202157091,799.7318086466031,1947,4,1947,7,0.059504132
1947-05-31 23:59:59,2433.785401927432,850.4165633611761,1947,5,1947,8,0.061487603
1947-06-30 23:59:59,2181.462061348867,729.8035760673373,1947,6,1947,9,0.059504132
1947-07-31 23:59:59,1607.0340959589125,591.3508189402461,1947,7,1947,10,0.061487603
1947-08-31 23:59:59,1490.8824163308625,519.1421779495743,1947,8,1947,11,0.061487603
1947-09-30 23:59:59,1467.7299205015875,484.6328427294952,1947,9,1947,12,0.059504132
1947-10-31 23:59:59,1447.863887475314,491.7062502180027,1947,10,1948,1,0.061487603
1947-11-30 23:59:59,1439.6796943941627,497.0652677536576,1947,11,1948,2,0.059504132
1947-12-31 23:59:59,1388.9711923444263,521.1253609208261,1947,12,1948,3,0.061487603
1948-01-31 23:59:59,1593.049636038281,567.0,1948,1,1948,4,0.061487603
1948-02-29 23:59:59,1598.8161285822835,477.3677532472904,1948,2,1948,5,0.057520661
1948-03-31 23:59:59,1726.542582469486,509.4650432575192,1948,3,1948,6,0.061487603
1948-04-30 23:59:59,2437.934855171897,876.0189494733228,1948,4,1948,7,0.059504132
1948-05-31 23:59:59,2902.9677935821646,966.9999999999999,1948,5,1948,8,0.061487603
1948-06-30 23:59:59,3208.2425363797142,966.9999999999999,1948,6,1948,9,0.059504132
1948-07-31 23:59:59,2614.643544410733,847.1359171305836,1948,7,1948,10,0.061487603
1948-08-31 23:59:59,2102.3155295387096,743.1382463042005,1948,8,1948,11,0.061487603
1948-09-30 23:59:59,1768.942392836098,699.7562161235811,1948,9,1948,12,0.059504132
1948-10-31 23:59:59,1690.527507975706,656.4165295008894,1948,10,1949,1,0.061487603
1948-11-30 23:59:59,1649.8726450375368,567.0000000000008,1948,11,1949,2,0.059504132
1948-12-31 23:59:59,1614.1241738280487,545.4503164908928,1948,12,1949,3,0.061487603
1949-01-31 23:59:59,1572.6637288229015,506.5751399024759,1949,1,1949,4,0.061487603
1949-02-28 23:59:59,1581.2724727352263,476.4567328096152,1949,2,1949,5,0.05553719
1949-03-31 23:59:59,1793.31710398425,714.4344052167673,1949,3,1949,6,0.061487603
1949-04-30 23:59:59,2216.7440300800886,899.9999999999998,1949,4,1949,7,0.059504132
1949-05-31 23:59:59,2361.9124782262998,967.0000000000001,1949,5,1949,8,0.061487603
1949-06-30 23:59:59,2096.184827425903,880.0252620291849,1949,6,1949,9,0.059504132
1949-07-31 23:59:59,1590.7143573629867,705.274863397939,1949,7,1949,10,0.061487603
1949-08-31 23:59:59,1528.826372873524,633.2937066269661,1949,8,1949,11,0.061487603
1949-09-30 23:59:59,1516.6168744944048,583.6935061486645,1949,9,1949,12,0.059504132
1949-10-31 23:59:59,1412.0371144030332,543.9651376389612,1949,10,1950,1,0.061487603
1949-11-30 23:59:59,1370.4110743138835,507.0490792497794,1949,11,1950,2,0.059504132
1949-12-31 23:59:59,1319.4129638452644,498.60123607420826,1949,12,1950,3,0.061487603
1950-01-31 23:59:59,1484.1555905715306,566.9999999999997,1950,1,1950,4,0.061487603
1950-02-28 23:59:59,1887.4407984112481,567.0000000000001,1950,2,1950,5,0.05553719
1950-03-31 23:59:59,2297.718175102566,756.0000000000005,1950,3,1950,6,0.061487603
1950-04-30 23:59:59,2887.2291507805344,900.0000000000003,1950,4,1950,7,0.059504132
1950-05-31 23:59:59,3195.2341257936278,967.0000000000001,1950,5,1950,8,0.061487603
1950-06-30 23:59:59,3156.0918097340623,966.9999999999997,1950,6,1950,9,0.059504132
1950-07-31 23:59:59,2498.6217464783736,844.3688944380256,1950,7,1950,10,0.061487603
1950-08-31 23:59:59,1933.355344402269,792.0,1950,8,1950,11,0.061487603
1950-09-30 23:59:59,1884.3949987584292,676.2516287723964,1950,9,1950,12,0.059504132
1950-10-31 23:59:59,1948.192560989247,704.7911961546055,1950,10,1951,1,0.061487603
1950-11-30 23:59:59,2536.4989317743,567.0,1950,11,1951,2,0.059504132
1950-12-31 23:59:59,2865.9999999999995,566.9999999999997,1950,12,1951,3,0.061487603
1951-01-31 23:59:59,2846.0,566.9999999999999,1951,1,1951,4,0.061487603
1951-02-28 23:59:59,2925.0000000000005,567.0,1951,2,1951,5,0.05553719
1951-03-31 23:59:59,3105.000000000001,755.9999999999993,1951,3,1951,6,0.061487603
1951-04-30 23:59:59,3437.0058363858707,900.0000000000002,1951,4,1951,7,0.059504132
1951-05-31 23:59:59,3538.0,967.0000000000001,1951,5,1951,8,0.061487603
1951-06-30 23:59:59,3356.935742817772,958.0124334104573,1951,6,1951,9,0.059504132
1951-07-31 23:59:59,2690.954830900874,682.517531847243,1951,7,1951,10,0.061487603
1951-08-31 23:59:59,2163.0332434019842,549.8375839623999,1951,8,1951,11,0.061487603
1951-09-30 23:59:59,2050.5483972656248,485.40734197966225,1951,9,1951,12,0.059504132
1951-10-31 23:59:59,1882.385725144911,464.80690632873495,1951,10,1952,1,0.061487603
1951-11-30 23:59:59,1915.1394699452992,472.5327853271734,1951,11,1952,2,0.059504132
1951-12-31 23:59:59,2413.2114594485784,567.0000000000007,1951,12,1952,3,0.061487603
1952-01-31 23:59:59,2767.857019298861,567.0,1952,1,1952,4,0.061487603
1952-02-29 23:59:59,2832.0000000000005,567.0,1952,2,1952,5,0.057520661
1952-03-31 23:59:59,2988.0000000000005,756.0000000000002,1952,3,1952,6,0.061487603
1952-04-30 23:59:59,3452.8233861446697,900.0000000000002,1952,4,1952,7,0.059504132
1952-05-31 23:59:59,3538.0,966.9999999999997,1952,5,1952,8,0.061487603
1952-06-30 23:59:59,3538.0000000000014,967.0000000000001,1952,6,1952,9,0.059504132
1952-07-31 23:59:59,3537.9999999999995,941.9999999999997,1952,7,1952,10,0.061487603
1952-08-31 23:59:59,3520.170347902551,791.9999999999993,1952,8,1952,11,0.061487603
1952-09-30 23:59:59,3350.0000000000014,752.0000000000011,1952,9,1952,12,0.059504132
1952-10-31 23:59:59,3163.0000000000005,712.0000000000006,1952,10,1953,1,0.061487603
1952-11-30 23:59:59,3126.770399022728,567.0000000000003,1952,11,1953,2,0.059504132
1952-12-31 23:59:59,2917.999999999999,567.0000000000003,1952,12,1953,3,0.061487603
1953-01-31 23:59:59,2809.0000000000023,566.9999999999998,1953,1,1953,4,0.061487603
1953-02-28 23:59:59,3029.1847649470747,566.9999999999991,1953,2,1953,5,0.05553719
1953-03-31 23:59:59,3059.0000000000005,632.0469309629167,1953,3,1953,6,0.061487603
1953-04-30 23:59:59,3286.8113297748414,856.7082593410332,1953,4,1953,7,0.059504132
1953-05-31 23:59:59,3538.0,967.0000000000002,1953,5,1953,8,0.061487603
1953-06-30 23:59:59,3537.9999999999986,967.0000000000001,1953,6,1953,9,0.059504132
1953-07-31 23:59:59,3027.657405573539,942.0000000000001,1953,7,1953,10,0.061487603
1953-08-31 23:59:59,2788.6066805267433,791.9999999999998,1953,8,1953,11,0.061487603
1953-09-30 23:59:59,2470.5821091664775,752.0000000000013,1953,9,1953,12,0.059504132
1953-10-31 23:59:59,2395.5383543490257,711.9999999999994,1953,10,1954,1,0.061487603
1953-11-30 23:59:59,2438.527365884884,567.0,1953,11,1954,2,0.059504132
1953-12-31 23:59:59,2445.949702751216,546.1469199452222,1953,12,1954,3,0.061487603
1954-01-31 23:59:59,2561.9833193183777,567.0000000000005,1954,1,1954,4,0.061487603
1954-02-28 23:59:59,2893.8318289622316,567.0000000000001,1954,2,1954,5,0.05553719
1954-03-31 23:59:59,2943.0000000000005,755.9999999999999,1954,3,1954,6,0.061487603
1954-04-30 23:59:59,3294.4561546042764,900.0000000000001,1954,4,1954,7,0.059504132
1954-05-31 23:59:59,3453.4109138608324,966.9999999999998,1954,5,1954,8,0.061487603
1954-06-30 23:59:59,3322.6599204116746,966.9999999999999,1954,6,1954,9,0.059504132
1954-07-31 23:59:59,2668.5681916306166,678.0828538455139,1954,7,1954,10,0.061487603
1954-08-31 23:59:59,2147.9818077146215,598.4214969507254,1954,8,1954,11,0.061487603
1954-09-30 23:59:59,1923.3163289090194,547.7696747906076,1954,9,1954,12,0.059504132
1954-10-31 23:59:59,1737.5769794785083,504.99857582483145,1954,10,1955,1,0.061487603
1954-11-30 23:59:59,1740.13734556646,467.99779676307287,1954,11,1955,2,0.059504132
1954-12-31 23:59:59,1789.2021693020433,526.4822299354488,1954,12,1955,3,0.061487603
1955-01-31 23:59:59,1786.4368151849967,562.1698597634595,1955,1,1955,4,0.061487603
1955-02-28 23:59:59,1805.746386630337,551.7829405309166,1955,2,1955,5,0.05553719
1955-03-31 23:59:59,1887.7250269204783,570.0525912191699,1955,3,1955,6,0.061487603
1955-04-30 23:59:59,2074.4814074484134,663.6774872069195,1955,4,1955,7,0.059504132
1955-05-31 23:59:59,2251.036640747555,878.2779151956703,1955,5,1955,8,0.061487603
1955-06-30 23:59:59,2014.8289025307283,793.3916393221471,1955,6,1955,9,0.059504132
1955-07-31 23:59:59,1681.696157791092,652.4324061730667,1955,7,1955,10,0.061487603
1955-08-31 23:59:59,1492.9812083100635,574.6572458333018,1955,8,1955,11,0.061487603
1955-09-30 23:59:59,1489.1131208284328,566.8530383543907,1955,9,1955,12,0.059504132
1955-10-31 23:59:59,1355.3475001375205,525.5367648727101,1955,10,1956,1,0.061487603
1955-11-30 23:59:59,1308.0582285850628,448.33964046838594,1955,11,1956,2,0.059504132
1955-12-31 23:59:59,2788.0000000000005,567.0,1955,12,1956,3,0.061487603
1956-01-31 23:59:59,2788.0000000000005,566.9999999999997,1956,1,1956,4,0.061487603
1956-02-29 23:59:59,2788.0000000000005,567.0,1956,2,1956,5,0.057520661
1956-03-31 23:59:59,3018.0,756.0000000000002,1956,3,1956,6,0.061487603
1956-04-30 23:59:59,3429.2284026433363,899.9999999999997,1956,4,1956,7,0.059504132
1956-05-31 23:59:59,3537.9999999999986,967.0,1956,5,1956,8,0.061487603
1956-06-30 23:59:59,3538.0000000000005,967.0000000000008,1956,6,1956,9,0.059504132
1956-07-31 23:59:59,3094.9678446811013,942.000000000001,1956,7,1956,10,0.061487603
1956-08-31 23:59:59,2955.4808933383415,791.9999999999991,1956,8,1956,11,0.061487603
1956-09-30 23:59:59,2755.427863704748,752.0000000000002,1956,9,1956,12,0.059504132
1956-10-31 23:59:59,2680.3720217952864,712.0000000000009,1956,10,1957,1,0.061487603
1956-11-30 23:59:59,2656.3154898518546,566.9999999999999,1956,11,1957,2,0.059504132
1956-12-31 23:59:59,2565.855273920367,538.4151321569537,1956,12,1957,3,0.061487603
1957-01-31 23:59:59,2524.1484733722496,510.0750373550586,1957,1,1957,4,0.061487603
1957-02-28 23:59:59,2847.000000000001,567.0000000000002,1957,2,1957,5,0.05553719
1957-03-31 23:59:59,2990.0000000000005,756.0000000000002,1957,3,1957,6,0.061487603
1957-04-30 23:59:59,3246.5087191750295,873.4741481131773,1957,4,1957,7,0.059504132
1957-05-31 23:59:59,3537.9999999999986,967.0000000000008,1957,5,1957,8,0.061487603
1957-06-30 23:59:59,3538.0,967.0,1957,6,1957,9,0.059504132
1957-07-31 23:59:59,2916.3814804117264,803.1167669445464,1957,7,1957,10,0.061487603
1957-08-31 23:59:59,2414.105377453499,717.3455632904986,1957,8,1957,11,0.061487603
1957-09-30 23:59:59,2301.48083349576,682.2700803732863,1957,9,1957,12,0.059504132
1957-10-31 23:59:59,2346.8031684803154,679.7016382644947,1957,10,1958,1,0.061487603
1957-11-30 23:59:59,2365.3708834143454,566.9999999999999,1957,11,1958,2,0.059504132
1957-12-31 23:59:59,2529.7022874326776,567.0,1957,12,1958,3,0.061487603
1958-01-31 23:59:59,2734.3706679435145,567.0000000000001,1958,1,1958,4,0.061487603
1958-02-28 23:59:59,2787.999999999998,567.0000000000006,1958,2,1958,5,0.05553719
1958-03-31 23:59:59,2788.0,755.9999999999994,1958,3,1958,6,0.061487603
1958-04-30 23:59:59,3236.6156619677595,900.0000000000001,1958,4,1958,7,0.059504132
1958-05-31 23:59:59,3538.0,967.0,1958,5,1958,8,0.061487603
1958-06-30 23:59:59,3538.000000000002,966.9999999999998,1958,6,1958,9,0.059504132
1958-07-31 23:59:59,3374.972067632227,941.9999999999994,1958,7,1958,10,0.061487603
1958-08-31 23:59:59,3355.608933174288,792.0000000000002,1958,8,1958,11,0.061487603
1958-09-30 23:59:59,3326.73027693683,752.0000000000011,1958,9,1958,12,0.059504132
1958-10-31 23:59:59,3162.999999999999,712.0000000000011,1958,10,1959,1,0.061487603
1958-11-30 23:59:59,3124.675217455622,567.0,1958,11,1959,2,0.059504132
1958-12-31 23:59:59,3040.2013300240505,526.7826878248032,1958,12,1959,3,0.061487603
1959-01-31 23:59:59,2977.9999999999995,566.9999999999993,1959,1,1959,4,0.061487603
1959-02-28 23:59:59,2839.000000000001,566.9999999999992,1959,2,1959,5,0.05553719
1959-03-31 23:59:59,3054.0,597.3955230643423,1959,3,1959,6,0.061487603
1959-04-30 23:59:59,3275.862518172473,694.0259704778148,1959,4,1959,7,0.059504132
1959-05-31 23:59:59,3161.6942502099596,734.8636826615469,1959,5,1959,8,0.061487603
1959-06-30 23:59:59,2941.4349599938405,731.5214332799782,1959,6,1959,9,0.059504132
1959-07-31 23:59:59,2240.5099368905107,442.4824055371357,1959,7,1959,10,0.061487603
1959-08-31 23:59:59,1704.2134943009848,377.8222544597775,1959,8,1959,11,0.061487603
1959-09-30 23:59:59,1688.2409003256585,358.3366027499038,1959,9,1959,12,0.059504132
1959-10-31 23:59:59,1596.1195856211007,342.2527815336104,1959,10,1960,1,0.061487603
1959-11-30 23:59:59,1559.231460626025,355.11221625994557,1959,11,1960,2,0.059504132
1959-12-31 23:59:59,1509.6221635021843,375.85232995864436,1959,12,1960,3,0.061487603
1960-01-31 23:59:59,1517.3363345920252,403.5122807460365,1960,1,1960,4,0.061487603
1960-02-29 23:59:59,1989.8654474249877,566.9999999999998,1960,2,1960,5,0.057520661
1960-03-31 23:59:59,2571.547500782704,756.0,1960,3,1960,6,0.061487603
1960-04-30 23:59:59,2820.110921446444,803.5785284574314,1960,4,1960,7,0.059504132
1960-05-31 23:59:59,2876.306162548868,921.8765985227311,1960,5,1960,8,0.061487603
1960-06-30 23:59:59,2596.577475739268,795.8741134362722,1960,6,1960,9,0.059504132
1960-07-31 23:59:59,1906.3889205464577,651.2843794156937,1960,7,1960,10,0.061487603
1960-08-31 23:59:59,1612.306368090849,586.5713945001547,1960,8,1960,11,0.061487603
1960-09-30 23:59:59,1603.5613471483912,550.5222244098813,1960,9,1960,12,0.059504132
1960-10-31 23:59:59,1596.2934019631211,498.8916198566495,1960,10,1961,1,0.061487603
1960-11-30 23:59:59,1598.6503254792901,488.9359174916636,1960,11,1961,2,0.059504132
1960-12-31 23:59:59,1631.6150833187235,510.2129782985929,1960,12,1961,3,0.061487603
1961-01-31 23:59:59,1636.4149741564527,481.9478083214129,1961,1,1961,4,0.061487603
1961-02-28 23:59:59,1892.395533280343,525.5417538829622,1961,2,1961,5,0.05553719
1961-03-31 23:59:59,2120.3110116599237,594.5906552580445,1961,3,1961,6,0.061487603
1961-04-30 23:59:59,2346.8118146350535,682.0371234374626,1961,4,1961,7,0.059504132
1961-05-31 23:59:59,2409.3880471223692,780.864856395122,1961,5,1961,8,0.061487603
1961-06-30 23:59:59,2168.881958705843,806.2869403474731,1961,6,1961,9,0.059504132
1961-07-31 23:59:59,1570.495890547279,643.315784697433,1961,7,1961,10,0.061487603
1961-08-31 23:59:59,1397.166052719165,579.7255553767055,1961,8,1961,11,0.061487603
1961-09-30 23:59:59,1400.285055686364,550.9458647690196,1961,9,1961,12,0.059504132
1961-10-31 23:59:59,1310.0891942195099,465.9395201899991,1961,10,1962,1,0.061487603
1961-11-30 23:59:59,1291.0549546917616,462.03135970973926,1961,11,1962,2,0.059504132
1961-12-31 23:59:59,1329.1754908710768,513.9042418598929,1961,12,1962,3,0.061487603
1962-01-31 23:59:59,1316.0535043030693,535.1208963961068,1962,1,1962,4,0.061487603
1962-02-28 23:59:59,1820.0667668009692,567.0,1962,2,1962,5,0.05553719
1962-03-31 23:59:59,2111.13169286327,686.3679953275761,1962,3,1962,6,0.061487603
1962-04-30 23:59:59,2717.2167072386837,900.0000000000001,1962,4,1962,7,0.059504132
1962-05-31 23:59:59,2903.3229282648413,967.0000000000003,1962,5,1962,8,0.061487603
1962-06-30 23:59:59,2812.1274213722295,967.0000000000002,1962,6,1962,9,0.059504132
1962-07-31 23:59:59,2134.07198327379,711.0880170730624,1962,7,1962,10,0.061487603
1962-08-31 23:59:59,1591.8679883657642,610.2972409047529,1962,8,1962,11,0.061487603
1962-09-30 23:59:59,1600.0403048353103,548.8628654049758,1962,9,1962,12,0.059504132
1962-10-31 23:59:59,2341.058632544087,711.9999999999997,1962,10,1963,1,0.061487603
1962-11-30 23:59:59,2422.2065789052576,567.0000000000001,1962,11,1963,2,0.059504132
1962-12-31 23:59:59,2763.0729241311083,567.0000000000001,1962,12,1963,3,0.061487603
1963-01-31 23:59:59,2940.000000000001,566.9999999999999,1963,1,1963,4,0.061487603
1963-02-28 23:59:59,3057.0,566.9999999999991,1963,2,1963,5,0.05553719
1963-03-31 23:59:59,2927.0,685.5278647371571,1963,3,1963,6,0.061487603
1963-04-30 23:59:59,3183.1174174905364,900.0000000000002,1963,4,1963,7,0.059504132
1963-05-31 23:59:59,3537.9999999999995,966.9999999999997,1963,5,1963,8,0.061487603
1963-06-30 23:59:59,3538.000000000001,967.0,1963,6,1963,9,0.059504132
1963-07-31 23:59:59,2997.922571974034,827.7025079492671,1963,7,1963,10,0.061487603
1963-08-31 23:59:59,2503.838646062377,730.3083003276837,1963,8,1963,11,0.061487603
1963-09-30 23:59:59,2144.7366630202787,684.9184549788342,1963,9,1963,12,0.059504132
1963-10-31 23:59:59,2139.152740525452,671.1066664145313,1963,10,1964,1,0.061487603
1963-11-30 23:59:59,2323.2620655195497,566.9999999999999,1963,11,1964,2,0.059504132
1963-12-31 23:59:59,2353.2079254509476,540.0962704111788,1963,12,1964,3,0.061487603
1964-01-31 23:59:59,2441.017681153108,567.0000000000001,1964,1,1964,4,0.061487603
1964-02-29 23:59:59,2510.3289699835364,562.0021559734536,1964,2,1964,5,0.057520661
1964-03-31 23:59:59,2590.0842649489396,560.7112201295427,1964,3,1964,6,0.061487603
1964-04-30 23:59:59,2694.592615460695,675.6521004797905,1964,4,1964,7,0.059504132
1964-05-31 23:59:59,2672.1270065502003,848.8886566283603,1964,5,1964,8,0.061487603
1964-06-30 23:59:59,2506.124421534617,767.1332473304226,1964,6,1964,9,0.059504132
1964-07-31 23:59:59,1794.1613238607997,601.4026534723587,1964,7,1964,10,0.061487603
1964-08-31 23:59:59,1529.200647594735,536.945152577026,1964,8,1964,11,0.061487603
1964-09-30 23:59:59,1541.3986650818,531.5085220386491,1964,9,1964,12,0.059504132
1964-10-31 23:59:59,1440.4020440904617,509.6836167504278,1964,10,1965,1,0.061487603
1964-11-30 23:59:59,1456.3006000014223,524.8596215119813,1964,11,1965,2,0.059504132
1964-12-31 23:59:59,2788.0,567.0000000000005,1964,12,1965,3,0.061487603
1965-01-31 23:59:59,2788.000000000001,567.0000000000001,1965,1,1965,4,0.061487603
1965-02-28 23:59:59,2996.9999999999995,567.0000000000002,1965,2,1965,5,0.05553719
1965-03-31 23:59:59,3095.999999999999,711.687880668528,1965,3,1965,6,0.061487603
1965-04-30 23:59:59,3356.8141794988305,899.9999999999999,1965,4,1965,7,0.059504132
1965-05-31 23:59:59,3538.0000000000005,967.0,1965,5,1965,8,0.061487603
1965-06-30 23:59:59,3538.000000000001,967.0000000000003,1965,6,1965,9,0.059504132
1965-07-31 23:59:59,2991.2163066554317,882.0632356170548,1965,7,1965,10,0.061487603
1965-08-31 23:59:59,2627.1357056165994,791.9999999999999,1965,8,1965,11,0.061487603
1965-09-30 23:59:59,2263.1971675556388,751.9999999999999,1965,9,1965,12,0.059504132
1965-10-31 23:59:59,2122.783085657516,711.9999999999999,1965,10,1966,1,0.061487603
1965-11-30 23:59:59,2233.4998969794724,566.9999999999999,1965,11,1966,2,0.059504132
1965-12-31 23:59:59,2211.874926319875,550.269734025035,1965,12,1966,3,0.061487603
1966-01-31 23:59:59,2303.91243990763,549.4894965702363,1966,1,1966,4,0.061487603
1966-02-28 23:59:59,2384.9164822111784,556.9280054530394,1966,2,1966,5,0.05553719
1966-03-31 23:59:59,2629.570877714343,624.0973865057523,1966,3,1966,6,0.061487603
1966-04-30 23:59:59,3078.6098567193903,743.5483763493147,1966,4,1966,7,0.059504132
1966-05-31 23:59:59,2910.723494506071,802.1233192990902,1966,5,1966,8,0.061487603
1966-06-30 23:59:59,2682.771739557732,786.9807623177161,1966,6,1966,9,0.059504132
1966-07-31 23:59:59,2015.60180659427,574.0369216989062,1966,7,1966,10,0.061487603
1966-08-31 23:59:59,1591.567534002315,509.2794914075844,1966,8,1966,11,0.061487603
1966-09-30 23:59:59,1594.4339247525168,474.2186002024039,1966,9,1966,12,0.059504132
1966-10-31 23:59:59,1570.9052119547305,437.67723101661466,1966,10,1967,1,0.061487603
1966-11-30 23:59:59,1684.0466342005006,477.8814305016011,1966,11,1967,2,0.059504132
1966-12-31 23:59:59,2003.1567596710643,566.9999999999993,1966,12,1967,3,0.061487603
1967-01-31 23:59:59,2557.093961400563,566.9999999999999,1967,1,1967,4,0.061487603
1967-02-28 23:59:59,2951.0,566.9999999999999,1967,2,1967,5,0.05553719
1967-03-31 23:59:59,2846.9999999999995,755.9999999999997,1967,3,1967,6,0.061487603
1967-04-30 23:59:59,3238.4436559671967,899.9999999999999,1967,4,1967,7,0.059504132
1967-05-31 23:59:59,3538.0000000000005,967.0000000000001,1967,5,1967,8,0.061487603
1967-06-30 23:59:59,3538.0,967.0000000000002,1967,6,1967,9,0.059504132
1967-07-31 23:59:59,3537.9999999999995,941.9999999999999,1967,7,1967,10,0.061487603
1967-08-31 23:59:59,3499.15241593026,791.9999999999999,1967,8,1967,11,0.061487603
1967-09-30 23:59:59,3349.972081261885,752.0,1967,9,1967,12,0.059504132
1967-10-31 23:59:59,3161.9999999999995,712.0000000000002,1967,10,1968,1,0.061487603
1967-11-30 23:59:59,3129.662438047937,567.0000000000002,1967,11,1968,2,0.059504132
1967-12-31 23:59:59,3140.999999999999,547.4861046512397,1967,12,1968,3,0.061487603
1968-01-31 23:59:59,2921.9999999999995,567.0000000000001,1968,1,1968,4,0.061487603
1968-02-29 23:59:59,2961.9999999999995,567.0000000000003,1968,2,1968,5,0.057520661
1968-03-31 23:59:59,3036.0,680.2778767841658,1968,3,1968,6,0.061487603
1968-04-30 23:59:59,3303.5684859099006,757.2533854693162,1968,4,1968,7,0.059504132
1968-05-31 23:59:59,3344.2660039202715,827.6784673175079,1968,5,1968,8,0.061487603
1968-06-30 23:59:59,3120.4013928487934,798.2992286658332,1968,6,1968,9,0.059504132
1968-07-31 23:59:59,2432.334217566896,554.8166256823763,1968,7,1968,10,0.061487603
1968-08-31 23:59:59,1944.7561434995216,508.4942601532313,1968,8,1968,11,0.061487603
1968-09-30 23:59:59,1926.4956649287162,492.27165229730923,1968,9,1968,12,0.059504132
1968-10-31 23:59:59,1929.5408359011803,471.532182954423,1968,10,1969,1,0.061487603
1968-11-30 23:59:59,1954.3866035590743,500.25307280324256,1968,11,1969,2,0.059504132
1968-12-31 23:59:59,2115.4894698852613,567.0000000000002,1968,12,1969,3,0.061487603
1969-01-31 23:59:59,2788.0,566.9999999999998,1969,1,1969,4,0.061487603
1969-02-28 23:59:59,2787.9999999999995,566.9999999999999,1969,2,1969,5,0.05553719
1969-03-31 23:59:59,3027.0,756.0000000000005,1969,3,1969,6,0.061487603
1969-04-30 23:59:59,3470.929201322086,899.9999999999999,1969,4,1969,7,0.059504132
1969-05-31 23:59:59,3537.9999999999986,967.0000000000002,1969,5,1969,8,0.061487603
1969-06-30 23:59:59,3537.9999999999995,967.0000000000005,1969,6,1969,9,0.059504132
1969-07-31 23:59:59,3311.712658930667,933.3624214080738,1969,7,1969,10,0.061487603
1969-08-31 23:59:59,3230.6884838260844,792.0000000000002,1969,8,1969,11,0.061487603
1969-09-30 23:59:59,3149.8374544968246,752.0000000000008,1969,9,1969,12,0.059504132
1969-10-31 23:59:59,3116.632231093381,712.0000000000009,1969,10,1970,1,0.061487603
1969-11-30 23:59:59,3085.8008515136003,567.0000000000001,1969,11,1970,2,0.059504132
1969-12-31 23:59:59,2806.000000000001,567.0000000000001,1969,12,1970,3,0.061487603
1970-01-31 23:59:59,2786.999999999999,566.9999999999975,1970,1,1970,4,0.061487603
1970-02-28 23:59:59,2786.9999999999995,567.0000000000001,1970,2,1970,5,0.05553719
1970-03-31 23:59:59,3162.999999999999,756.0000000000002,1970,3,1970,6,0.061487603
1970-04-30 23:59:59,3377.6823260326296,807.2723391406228,1970,4,1970,7,0.059504132
1970-05-31 23:59:59,3453.376465419447,964.820793451444,1970,5,1970,8,0.061487603
1970-06-30 23:59:59,3288.6318870995137,876.5070792551674,1970,6,1970,9,0.059504132
1970-07-31 23:59:59,2671.176450755178,638.0191276301274,1970,7,1970,10,0.061487603
1970-08-31 23:59:59,2157.7519602509205,525.2591004618768,1970,8,1970,11,0.061487603
1970-09-30 23:59:59,2069.5229814244385,484.9032737870026,1970,9,1970,12,0.059504132
1970-10-31 23:59:59,1877.0723505675364,475.62468657588346,1970,10,1971,1,0.061487603
1970-11-30 23:59:59,2069.772949532862,567.0000000000006,1970,11,1971,2,0.059504132
1970-12-31 23:59:59,2427.3269306164193,566.9999999999997,1970,12,1971,3,0.061487603
1971-01-31 23:59:59,2669.2223168770174,567.0000000000003,1971,1,1971,4,0.061487603
1971-02-28 23:59:59,2875.3525461926583,567.0000000000001,1971,2,1971,5,0.05553719
1971-03-31 23:59:59,3161.9999999999995,756.0000000000002,1971,3,1971,6,0.061487603
1971-04-30 23:59:59,3434.995766785291,900.0000000000002,1971,4,1971,7,0.059504132
1971-05-31 23:59:59,3537.9999999999995,967.0,1971,5,1971,8,0.061487603
1971-06-30 23:59:59,3538.0,967.0,1971,6,1971,9,0.059504132
1971-07-31 23:59:59,3032.7323647169464,909.2673585716385,1971,7,1971,10,0.061487603
1971-08-31 23:59:59,2607.9538904490114,792.0,1971,8,1971,11,0.061487603
1971-09-30 23:59:59,2340.197295405379,752.0000000000008,1971,9,1971,12,0.059504132
1971-10-31 23:59:59,2290.065505654301,712.0000000000002,1971,10,1972,1,0.061487603
1971-11-30 23:59:59,2254.714453193367,566.9999999999998,1971,11,1972,2,0.059504132
1971-12-31 23:59:59,2306.2215995285533,567.0,1971,12,1972,3,0.061487603
1972-01-31 23:59:59,2354.9742660531465,566.9999999999991,1972,1,1972,4,0.061487603
1972-02-29 23:59:59,2523.3962699806257,566.9999999999999,1972,2,1972,5,0.057520661
1972-03-31 23:59:59,2975.560053849955,734.0589868197982,1972,3,1972,6,0.061487603
1972-04-30 23:59:59,3273.388846182725,858.3687021086095,1972,4,1972,7,0.059504132
1972-05-31 23:59:59,3275.0544394264807,967.0000000000003,1972,5,1972,8,0.061487603
1972-06-30 23:59:59,3132.6098024276644,967.0000000000001,1972,6,1972,9,0.059504132
1972-07-31 23:59:59,2477.734257073955,711.7701910695541,1972,7,1972,10,0.061487603
1972-08-31 23:59:59,1956.6054859478427,612.8037103523927,1972,8,1972,11,0.061487603
1972-09-30 23:59:59,1945.7505708746241,591.6281992022665,1972,9,1972,12,0.059504132
1972-10-31 23:59:59,1859.333615053462,606.9433397698989,1972,10,1973,1,0.061487603
1972-11-30 23:59:59,1903.569417646414,567.0000000000001,1972,11,1973,2,0.059504132
1972-12-31 23:59:59,2042.0511357179178,566.9999999999999,1972,12,1973,3,0.061487603
1973-01-31 23:59:59,2547.311702609916,567.0000000000002,1973,1,1973,4,0.061487603
1973-02-28 23:59:59,2788.0,566.9999999999998,1973,2,1973,5,0.05553719
1973-03-31 23:59:59,2951.0,756.0000000000002,1973,3,1973,6,0.061487603
1973-04-30 23:59:59,3382.112015014436,899.9999999999998,1973,4,1973,7,0.059504132
1973-05-31 23:59:59,3538.0,967.0,1973,5,1973,8,0.061487603
1973-06-30 23:59:59,3382.3074547109422,967.0,1973,6,1973,9,0.059504132
1973-07-31 23:59:59,2795.2896140300504,758.1609050903086,1973,7,1973,10,0.061487603
1973-08-31 23:59:59,2278.402578329651,664.8455407721035,1973,8,1973,11,0.061487603
1973-09-30 23:59:59,2012.849221205206,636.2866832987555,1973,9,1973,12,0.059504132
1973-10-31 23:59:59,2011.3791651654003,653.1359763490672,1973,10,1974,1,0.061487603
1973-11-30 23:59:59,2787.9999999999995,567.0000000000006,1973,11,1974,2,0.059504132
1973-12-31 23:59:59,2800.0,566.9999999999994,1973,12,1974,3,0.061487603
1974-01-31 23:59:59,2870.0000000000014,567.0000000000011,1974,1,1974,4,0.061487603
1974-02-28 23:59:59,3009.0000000000005,566.9999999999997,1974,2,1974,5,0.05553719
1974-03-31 23:59:59,2788.000000000001,756.0000000000001,1974,3,1974,6,0.061487603
1974-04-30 23:59:59,3293.899783294819,900.0,1974,4,1974,7,0.059504132
1974-05-31 23:59:59,3537.999999999999,967.0000000000008,1974,5,1974,8,0.061487603
1974-06-30 23:59:59,3538.0000000000005,967.0000000000002,1974,6,1974,9,0.059504132
1974-07-31 23:59:59,3310.813543543049,941.9999999999999,1974,7,1974,10,0.061487603
1974-08-31 23:59:59,3196.925176153061,791.9999999999997,1974,8,1974,11,0.061487603
1974-09-30 23:59:59,3000.298992019023,752.0000000000008,1974,9,1974,12,0.059504132
1974-10-31 23:59:59,2999.1951593445274,712.0000000000013,1974,10,1975,1,0.061487603
1974-11-30 23:59:59,2963.6953801251107,567.0000000000001,1974,11,1975,2,0.059504132
1974-12-31 23:59:59,2896.9540725336415,535.1463216612631,1974,12,1975,3,0.061487603
1975-01-31 23:59:59,2862.0481791638545,515.3604821640238,1975,1,1975,4,0.061487603
1975-02-28 23:59:59,2884.0,566.9999999999999,1975,2,1975,5,0.05553719
1975-03-31 23:59:59,2833.0000000000005,755.999999999999,1975,3,1975,6,0.061487603
1975-04-30 23:59:59,3245.433443469304,899.9999999999995,1975,4,1975,7,0.059504132
1975-05-31 23:59:59,3538.000000000001,967.0,1975,5,1975,8,0.061487603
1975-06-30 23:59:59,3538.000000000001,967.0,1975,6,1975,9,0.059504132
1975-07-31 23:59:59,3081.2810616461115,942.0,1975,7,1975,10,0.061487603
1975-08-31 23:59:59,3014.3161165772285,792.0000000000002,1975,8,1975,11,0.061487603
1975-09-30 23:59:59,2800.3771936101675,752.0000000000009,1975,9,1975,12,0.059504132
1975-10-31 23:59:59,2823.3253264319196,712.0,1975,10,1976,1,0.061487603
1975-11-30 23:59:59,2823.2421177051106,566.9999999999999,1975,11,1976,2,0.059504132
1975-12-31 23:59:59,2813.9314426692345,536.1756316508439,1975,12,1976,3,0.061487603
1976-01-31 23:59:59,2735.1786461212537,507.1985693091212,1976,1,1976,4,0.061487603
1976-02-29 23:59:59,2753.7310016923743,509.1481321078235,1976,2,1976,5,0.057520661
1976-03-31 23:59:59,2824.907209614289,531.9671860851984,1976,3,1976,6,0.061487603
1976-04-30 23:59:59,2866.033377871455,535.48704360985,1976,4,1976,7,0.059504132
1976-05-31 23:59:59,2645.4885367922775,514.9221793071388,1976,5,1976,8,0.061487603
1976-06-30 23:59:59,2414.364558362119,505.5722275831828,1976,6,1976,9,0.059504132
1976-07-31 23:59:59,1651.4432698389041,442.6544403816834,1976,7,1976,10,0.061487603
1976-08-31 23:59:59,1494.8556003810606,417.7785004732778,1976,8,1976,11,0.061487603
1976-09-30 23:59:59,1481.8185812858262,421.0592716050822,1976,9,1976,12,0.059504132
1976-10-31 23:59:59,1390.7202155133518,394.56329478485844,1976,10,1977,1,0.061487603
1976-11-30 23:59:59,1294.673007898981,400.26139164942106,1976,11,1977,2,0.059504132
1976-12-31 23:59:59,1175.3340196699448,379.98700918375965,1976,12,1977,3,0.061487603
1977-01-31 23:59:59,1036.9222449899387,379.35233900414624,1977,1,1977,4,0.061487603
1977-02-28 23:59:59,1017.6250289691396,373.5819178728499,1977,2,1977,5,0.05553719
1977-03-31 23:59:59,1019.5446368590368,362.4456544561803,1977,3,1977,6,0.061487603
1977-04-30 23:59:59,880.3190090447301,348.0324821117089,1977,4,1977,7,0.059504132
1977-05-31 23:59:59,809.0114786345351,336.4459006166486,1977,5,1977,8,0.061487603
1977-06-30 23:59:59,605.2880215705756,326.1050069399175,1977,6,1977,9,0.059504132
1977-07-31 23:59:59,396.54129911855654,258.52629250849714,1977,7,1977,10,0.061487603
1977-08-31 23:59:59,217.7414251093676,89.99999999999999,1977,8,1977,11,0.061487603
1977-09-30 23:59:59,232.35952240100121,89.99999999999999,1977,9,1977,12,0.059504132
1977-10-31 23:59:59,135.29420369724244,90.0,1977,10,1978,1,0.061487603
1977-11-30 23:59:59,133.351663136641,89.99999999999999,1977,11,1978,2,0.059504132
1977-12-31 23:59:59,346.22647394176346,216.79671493936704,1977,12,1978,3,0.061487603
1978-01-31 23:59:59,1233.5373740003283,566.9999999999993,1978,1,1978,4,0.061487603
1978-02-28 23:59:59,1696.0760279108708,566.9999999999999,1978,2,1978,5,0.05553719
1978-03-31 23:59:59,2590.824754872752,756.0,1978,3,1978,6,0.061487603
1978-04-30 23:59:59,3155.8631587390064,900.0000000000001,1978,4,1978,7,0.059504132
1978-05-31 23:59:59,3503.56498092061,967.0,1978,5,1978,8,0.061487603
1978-06-30 23:59:59,3538.0,967.0,1978,6,1978,9,0.059504132
1978-07-31 23:59:59,3003.289438101414,868.1761488162651,1978,7,1978,10,0.061487603
1978-08-31 23:59:59,2505.9824349526925,770.568123589971,1978,8,1978,11,0.061487603
1978-09-30 23:59:59,2256.2923489418613,752.0000000000002,1978,9,1978,12,0.059504132
1978-10-31 23:59:59,2035.7974053868709,711.18484885971,1978,10,1979,1,0.061487603
1978-11-30 23:59:59,2001.5069531132222,553.3314775874173,1978,11,1979,2,0.059504132
1978-12-31 23:59:59,1938.9292076731874,484.83078350504854,1978,12,1979,3,0.061487603
1979-01-31 23:59:59,1945.3274769107693,559.8834976433884,1979,1,1979,4,0.061487603
1979-02-28 23:59:59,2106.3828376614224,567.0000000000003,1979,2,1979,5,0.05553719
1979-03-31 23:59:59,2492.685067359907,756.0000000000001,1979,3,1979,6,0.061487603
1979-04-30 23:59:59,2838.916601819368,900.0000000000003,1979,4,1979,7,0.059504132
1979-05-31 23:59:59,3134.8374096352477,967.0000000000002,1979,5,1979,8,0.061487603
1979-06-30 23:59:59,2920.3915524908402,932.2721396350951,1979,6,1979,9,0.059504132
1979-07-31 23:59:59,2334.725286559806,771.5567734123229,1979,7,1979,10,0.061487603
1979-08-31 23:59:59,1921.7705796494322,771.3155188221829,1979,8,1979,11,0.061487603
1979-09-30 23:59:59,1746.1617264171766,630.4004287813837,1979,9,1979,12,0.059504132
1979-10-31 23:59:59,1694.022160394981,611.716361422175,1979,10,1980,1,0.061487603
1979-11-30 23:59:59,1689.120355982306,567.0000000000001,1979,11,1980,2,0.059504132
1979-12-31 23:59:59,1714.1794653774712,567.0000000000007,1979,12,1980,3,0.061487603
1980-01-31 23:59:59,2813.000000000001,567.0000000000006,1980,1,1980,4,0.061487603
1980-02-29 23:59:59,2787.999999999999,567.0000000000002,1980,2,1980,5,0.057520661
1980-03-31 23:59:59,3028.0,755.9999999999999,1980,3,1980,6,0.061487603
1980-04-30 23:59:59,3400.3896285466794,900.0000000000003,1980,4,1980,7,0.059504132
1980-05-31 23:59:59,3538.0,967.0000000000001,1980,5,1980,8,0.061487603
1980-06-30 23:59:59,3538.0,967.0000000000005,1980,6,1980,9,0.059504132
1980-07-31 23:59:59,3029.0045925093555,942.0,1980,7,1980,10,0.061487603
1980-08-31 23:59:59,2563.5262979396957,792.0000000000001,1980,8,1980,11,0.061487603
1980-09-30 23:59:59,2186.707317006397,751.9916026342447,1980,9,1980,12,0.059504132
1980-10-31 23:59:59,1977.3924200222327,711.9366402315075,1980,10,1981,1,0.061487603
1980-11-30 23:59:59,1851.1293531898918,528.2182926411498,1980,11,1981,2,0.059504132
1980-12-31 23:59:59,1926.0946255345855,544.1802372682076,1980,12,1981,3,0.061487603
1981-01-31 23:59:59,1987.2658165906498,556.2174330515473,1981,1,1981,4,0.061487603
1981-02-28 23:59:59,2201.2441561281635,567.0000000000005,1981,2,1981,5,0.05553719
1981-03-31 23:59:59,2439.499580076151,686.3885942271922,1981,3,1981,6,0.061487603
1981-04-30 23:59:59,2639.8421709711506,766.8344544619375,1981,4,1981,7,0.059504132
1981-05-31 23:59:59,2570.5107032438923,798.7600404513107,1981,5,1981,8,0.061487603
1981-06-30 23:59:59,2275.9827268083072,785.4951856149247,1981,6,1981,9,0.059504132
1981-07-31 23:59:59,1561.002542694935,659.5882973911761,1981,7,1981,10,0.061487603
1981-08-31 23:59:59,1365.6228274376515,578.7707106940192,1981,8,1981,11,0.061487603
1981-09-30 23:59:59,1355.5834786101034,550.2399820617409,1981,9,1981,12,0.059504132
1981-10-31 23:59:59,1346.9445525314802,530.992704670544,1981,10,1982,1,0.061487603
1981-11-30 23:59:59,2378.1782055688627,566.9999999999999,1981,11,1982,2,0.059504132
1981-12-31 23:59:59,2788.0000000000005,567.0000000000002,1981,12,1982,3,0.061487603
1982-01-31 23:59:59,2943.0,567.0000000000008,1982,1,1982,4,0.061487603
1982-02-28 23:59:59,2986.9999999999995,567.0,1982,2,1982,5,0.05553719
1982-03-31 23:59:59,2935.9999999999995,755.9999999999999,1982,3,1982,6,0.061487603
1982-04-30 23:59:59,3302.999999999998,900.0000000000005,1982,4,1982,7,0.059504132
1982-05-31 23:59:59,3537.999999999999,967.0000000000006,1982,5,1982,8,0.061487603
1982-06-30 23:59:59,3538.0,967.0000000000001,1982,6,1982,9,0.059504132
1982-07-31 23:59:59,3293.3038739503804,942.0,1982,7,1982,10,0.061487603
1982-08-31 23:59:59,3258.8699781199534,791.9999999999999,1982,8,1982,11,0.061487603
1982-09-30 23:59:59,3308.89415137658,752.0,1982,9,1982,12,0.059504132
1982-10-31 23:59:59,3148.999999999999,711.9999999999999,1982,10,1983,1,0.061487603
1982-11-30 23:59:59,2981.0000000000005,567.0000000000003,1982,11,1983,2,0.059504132
1982-12-31 23:59:59,2930.0,566.9999999999995,1982,12,1983,3,0.061487603
1983-01-31 23:59:59,2854.0,567.0,1983,1,1983,4,0.061487603
1983-02-28 23:59:59,2788.000000000001,566.9999999999999,1983,2,1983,5,0.05553719
1983-03-31 23:59:59,2787.9999999999986,755.9999999999966,1983,3,1983,6,0.061487603
1983-04-30 23:59:59,3208.5638095969584,900.0,1983,4,1983,7,0.059504132
1983-05-31 23:59:59,3538.0000000000005,967.0000000000003,1983,5,1983,8,0.061487603
1983-06-30 23:59:59,3538.0000000000005,966.9999999999985,1983,6,1983,9,0.059504132
1983-07-31 23:59:59,3537.9999999999995,941.9999999999999,1983,7,1983,10,0.061487603
1983-08-31 23:59:59,3538.0,792.0000000000001,1983,8,1983,11,0.061487603
1983-09-30 23:59:59,3351.0,752.0000000000001,1983,9,1983,12,0.059504132
1983-10-31 23:59:59,3163.000000000001,712.0000000000001,1983,10,1984,1,0.061487603
1983-11-30 23:59:59,2950.000000000001,566.9999999999999,1983,11,1984,2,0.059504132
1983-12-31 23:59:59,2787.9999999999995,567.0000000000001,1983,12,1984,3,0.061487603
1984-01-31 23:59:59,3090.9999999999995,567.0,1984,1,1984,4,0.061487603
1984-02-29 23:59:59,3078.000000000001,567.0000000000006,1984,2,1984,5,0.057520661
1984-03-31 23:59:59,3120.0,756.0000000000002,1984,3,1984,6,0.061487603
1984-04-30 23:59:59,3433.5583024911793,900.0000000000003,1984,4,1984,7,0.059504132
1984-05-31 23:59:59,3538.0000000000005,966.9999999999999,1984,5,1984,8,0.061487603
1984-06-30 23:59:59,3538.0,967.0,1984,6,1984,9,0.059504132
1984-07-31 23:59:59,2945.3641014166424,774.1463546032879,1984,7,1984,10,0.061487603
1984-08-31 23:59:59,2461.4645159208976,698.3226688880371,1984,8,1984,11,0.061487603
1984-09-30 23:59:59,2171.349342632136,640.2788908177952,1984,9,1984,12,0.059504132
1984-10-31 23:59:59,2021.5616739200489,619.1045224369163,1984,10,1985,1,0.061487603
1984-11-30 23:59:59,2201.0646934075694,566.9999999999999,1984,11,1985,2,0.059504132
1984-12-31 23:59:59,2255.827675492612,566.9999999999999,1984,12,1985,3,0.061487603
1985-01-31 23:59:59,2213.2170543265956,528.8746758850033,1985,1,1985,4,0.061487603
1985-02-28 23:59:59,2305.932002995308,561.309931215739,1985,2,1985,5,0.05553719
1985-03-31 23:59:59,2439.309378793059,618.560675138392,1985,3,1985,6,0.061487603
1985-04-30 23:59:59,2771.251260786671,757.1779635681753,1985,4,1985,7,0.059504132
1985-05-31 23:59:59,2574.524529623294,832.61592074487,1985,5,1985,8,0.061487603
1985-06-30 23:59:59,2336.4580315380495,711.0429579683471,1985,6,1985,9,0.059504132
1985-07-31 23:59:59,1758.9883961863204,558.9588814316858,1985,7,1985,10,0.061487603
1985-08-31 23:59:59,1592.746938406561,449.63287520927486,1985,8,1985,11,0.061487603
1985-09-30 23:59:59,1595.0905246729249,442.90849181997487,1985,9,1985,12,0.059504132
1985-10-31 23:59:59,1475.6337009962601,389.5966527904063,1985,10,1986,1,0.061487603
1985-11-30 23:59:59,1452.6551971343642,424.72597069646804,1985,11,1986,2,0.059504132
1985-12-31 23:59:59,1469.3502108432094,541.98752734912,1985,12,1986,3,0.061487603
1986-01-31 23:59:59,1716.6224483356061,567.0000000000002,1986,1,1986,4,0.061487603
1986-02-28 23:59:59,2788.0000000000014,566.9999999999986,1986,2,1986,5,0.05553719
1986-03-31 23:59:59,2788.0,756.0000000000005,1986,3,1986,6,0.061487603
1986-04-30 23:59:59,3296.447404464241,900.0000000000002,1986,4,1986,7,0.059504132
1986-05-31 23:59:59,3412.3097390974585,967.0,1986,5,1986,8,0.061487603
1986-06-30 23:59:59,3406.302974540887,967.0000000000001,1986,6,1986,9,0.059504132
1986-07-31 23:59:59,2841.5006508192073,757.1735649669131,1986,7,1986,10,0.061487603
1986-08-31 23:59:59,2357.0743300410886,752.9224086506854,1986,8,1986,11,0.061487603
1986-09-30 23:59:59,2114.794263559707,751.9687054909429,1986,9,1986,12,0.059504132
1986-10-31 23:59:59,1972.6451210742714,711.9999999999999,1986,10,1987,1,0.061487603
1986-11-30 23:59:59,1767.0904908907467,549.3878619358644,1986,11,1987,2,0.059504132
1986-12-31 23:59:59,1595.6825144227164,483.576849741886,1986,12,1987,3,0.061487603
1987-01-31 23:59:59,1443.2980793013733,460.90940487124203,1987,1,1987,4,0.061487603
1987-02-28 23:59:59,1508.062840986722,489.12180237741194,1987,2,1987,5,0.05553719
1987-03-31 23:59:59,1680.2067909064615,586.1877072853376,1987,3,1987,6,0.061487603
1987-04-30 23:59:59,1759.5983903153976,620.343622925331,1987,4,1987,7,0.059504132
1987-05-31 23:59:59,1593.9227394125242,612.6362231046046,1987,5,1987,8,0.061487603
1987-06-30 23:59:59,1511.7349029719087,592.0000000000005,1987,6,1987,9,0.059504132
1987-07-31 23:59:59,1168.5390703748183,489.09806413275106,1987,7,1987,10,0.061487603
1987-08-31 23:59:59,1011.1725089739418,412.7779227387206,1987,8,1987,11,0.061487603
1987-09-30 23:59:59,988.6983440124473,386.2677076072009,1987,9,1987,12,0.059504132
1987-10-31 23:59:59,879.855493857662,371.47392999754777,1987,10,1988,1,0.061487603
1987-11-30 23:59:59,902.5843063037563,383.4819752213586,1987,11,1988,2,0.059504132
1987-12-31 23:59:59,1108.8362223737668,462.18932355563066,1987,12,1988,3,0.061487603
1988-01-31 23:59:59,1233.6569656564832,566.2635582434473,1988,1,1988,4,0.061487603
1988-02-29 23:59:59,1305.6245692760199,537.15328719453,1988,2,1988,5,0.057520661
1988-03-31 23:59:59,1433.2100039483635,509.0644903438839,1988,3,1988,6,0.061487603
1988-04-30 23:59:59,1543.8888606555297,517.887731142393,1988,4,1988,7,0.059504132
1988-05-31 23:59:59,1540.9375011030363,492.31690145380526,1988,5,1988,8,0.061487603
1988-06-30 23:59:59,1350.848822006172,510.5520979962078,1988,6,1988,9,0.059504132
1988-07-31 23:59:59,1041.7944671231112,462.6795450782924,1988,7,1988,10,0.061487603
1988-08-31 23:59:59,879.407153582626,419.3157805366085,1988,8,1988,11,0.061487603
1988-09-30 23:59:59,887.5935261314025,431.6040301309801,1988,9,1988,12,0.059504132
1988-10-31 23:59:59,857.1138499932476,389.7368262055463,1988,10,1989,1,0.061487603
1988-11-30 23:59:59,957.4208295565062,434.5774635437977,1988,11,1989,2,0.059504132
1988-12-31 23:59:59,928.5485084435956,504.2572382602857,1988,12,1989,3,0.061487603
1989-01-31 23:59:59,928.7083351146865,567.0000000000002,1989,1,1989,4,0.061487603
1989-02-28 23:59:59,1037.4760964764343,567.0000000000002,1989,2,1989,5,0.05553719
1989-03-31 23:59:59,2220.600277338666,756.0000000000007,1989,3,1989,6,0.061487603
1989-04-30 23:59:59,2667.5429305527373,900.0000000000002,1989,4,1989,7,0.059504132
1989-05-31 23:59:59,2589.8430465373717,967.0000000000001,1989,5,1989,8,0.061487603
1989-06-30 23:59:59,2410.6320821742593,877.5493079080791,1989,6,1989,9,0.059504132
1989-07-31 23:59:59,1707.754481145464,613.9504678529479,1989,7,1989,10,0.061487603
1989-08-31 23:59:59,1572.6551477124224,483.62440019841756,1989,8,1989,11,0.061487603
1989-09-30 23:59:59,1594.7311229805566,463.92799540378536,1989,9,1989,12,0.059504132
1989-10-31 23:59:59,1596.689374313555,453.7068118445252,1989,10,1990,1,0.061487603
1989-11-30 23:59:59,1598.2904188019613,430.43172615507734,1989,11,1990,2,0.059504132
1989-12-31 23:59:59,1553.3228645043982,402.1879805063191,1989,12,1990,3,0.061487603
1990-01-31 23:59:59,1600.79919063057,383.90523390080045,1990,1,1990,4,0.061487603
1990-02-28 23:59:59,1667.5586911677358,388.3531728335357,1990,2,1990,5,0.05553719
1990-03-31 23:59:59,1910.19129803905,448.774299922433,1990,3,1990,6,0.061487603
1990-04-30 23:59:59,1887.696633323997,500.55793865598616,1990,4,1990,7,0.059504132
1990-05-31 23:59:59,1876.0164247153202,529.2408871894063,1990,5,1990,8,0.061487603
1990-06-30 23:59:59,1804.7702050460878,610.7971961541516,1990,6,1990,9,0.059504132
1990-07-31 23:59:59,1564.9633541434268,528.6655019662741,1990,7,1990,10,0.061487603
1990-08-31 23:59:59,1405.9996626928698,513.3677546946018,1990,8,1990,11,0.061487603
1990-09-30 23:59:59,1397.7502447198324,517.2203619614673,1990,9,1990,12,0.059504132
1990-10-31 23:59:59,1290.023987368254,468.380011788477,1990,10,1991,1,0.061487603
1990-11-30 23:59:59,1226.06458451473,439.8584280598637,1990,11,1991,2,0.059504132
1990-12-31 23:59:59,1120.2826955694156,405.44350162392885,1990,12,1991,3,0.061487603
1991-01-31 23:59:59,1059.6561006507347,393.86225851845063,1991,1,1991,4,0.061487603
1991-02-28 23:59:59,987.673914692562,397.27455465965625,1991,2,1991,5,0.05553719
1991-03-31 23:59:59,1371.1374055749175,615.35037644062,1991,3,1991,6,0.061487603
1991-04-30 23:59:59,1596.9036776932567,710.0257483825053,1991,4,1991,7,0.059504132
1991-05-31 23:59:59,1708.5923541839593,805.2544636729049,1991,5,1991,8,0.061487603
1991-06-30 23:59:59,1650.5845776685242,884.7549753072597,1991,6,1991,9,0.059504132
1991-07-31 23:59:59,1591.8570120746394,669.0293046138639,1991,7,1991,10,0.061487603
1991-08-31 23:59:59,1486.614690214633,591.9999999999998,1991,8,1991,11,0.061487603
1991-09-30 23:59:59,1496.061409790734,553.1956509123186,1991,9,1991,12,0.059504132
1991-10-31 23:59:59,1472.6583643732774,550.8237219633238,1991,10,1992,1,0.061487603
1991-11-30 23:59:59,1326.4017156261893,423.26139285614414,1991,11,1992,2,0.059504132
1991-12-31 23:59:59,1258.92076475086,452.5759809861775,1991,12,1992,3,0.061487603
1992-01-31 23:59:59,1227.795445650979,414.65271972292845,1992,1,1992,4,0.061487603
1992-02-29 23:59:59,1495.485756369272,531.9924106587441,1992,2,1992,5,0.057520661
1992-03-31 23:59:59,1675.6043794790173,577.7830876982271,1992,3,1992,6,0.061487603
1992-04-30 23:59:59,1889.168124850105,628.1760763492947,1992,4,1992,7,0.059504132
1992-05-31 23:59:59,1679.7382783051653,618.1681547707844,1992,5,1992,8,0.061487603
1992-06-30 23:59:59,1470.4506854251538,557.9394196547507,1992,6,1992,9,0.059504132
1992-07-31 23:59:59,1189.0302504411447,472.47536796921116,1992,7,1992,10,0.061487603
1992-08-31 23:59:59,993.185761808829,441.56645854188355,1992,8,1992,11,0.061487603
1992-09-30 23:59:59,984.9789870041474,434.6651887679766,1992,9,1992,12,0.059504132
1992-10-31 23:59:59,953.6564659689161,404.4327337548015,1992,10,1993,1,0.061487603
1992-11-30 23:59:59,885.5822002144928,399.99999999999994,1992,11,1993,2,0.059504132
1992-12-31 23:59:59,959.6153848054139,523.9171646488262,1992,12,1993,3,0.061487603
1993-01-31 23:59:59,1460.5192680891882,567.0,1993,1,1993,4,0.061487603
1993-02-28 23:59:59,1869.6287068281172,567.0000000000001,1993,2,1993,5,0.05553719
1993-03-31 23:59:59,2963.999999999999,756.0000000000005,1993,3,1993,6,0.061487603
1993-04-30 23:59:59,3456.000000000001,900.0,1993,4,1993,7,0.059504132
1993-05-31 23:59:59,3537.999999999999,967.0000000000001,1993,5,1993,8,0.061487603
1993-06-30 23:59:59,3538.0000000000005,966.9999999999999,1993,6,1993,9,0.059504132
1993-07-31 23:59:59,3013.1059582335483,886.3779500655154,1993,7,1993,10,0.061487603
1993-08-31 23:59:59,2535.1269661353745,792.0000000000001,1993,8,1993,11,0.061487603
1993-09-30 23:59:59,2145.5576355585076,751.9257011713527,1993,9,1993,12,0.059504132
1993-10-31 23:59:59,1965.980919242955,711.9999999999998,1993,10,1994,1,0.061487603
1993-11-30 23:59:59,1930.6219821702848,550.9279303514195,1993,11,1994,2,0.059504132
1993-12-31 23:59:59,1983.7788936972909,540.908155254376,1993,12,1994,3,0.061487603
1994-01-31 23:59:59,1970.8015030216272,501.78611401900145,1994,1,1994,4,0.061487603
1994-02-28 23:59:59,2076.930271221538,514.6969717710236,1994,2,1994,5,0.05553719
1994-03-31 23:59:59,2265.1583626737734,535.2648017266982,1994,3,1994,6,0.061487603
1994-04-30 23:59:59,2267.5554476799484,545.2461623619148,1994,4,1994,7,0.059504132
1994-05-31 23:59:59,2219.3569703921958,544.060315629527,1994,5,1994,8,0.061487603
1994-06-30 23:59:59,1988.6724058871475,585.6754149711919,1994,6,1994,9,0.059504132
1994-07-31 23:59:59,1591.171098208893,510.14642132157195,1994,7,1994,10,0.061487603
1994-08-31 23:59:59,1392.4553327304116,436.15190249513205,1994,8,1994,11,0.061487603
1994-09-30 23:59:59,1370.4385189801148,432.6214804017361,1994,9,1994,12,0.059504132
1994-10-31 23:59:59,1295.086127001551,403.00146274219577,1994,10,1995,1,0.061487603
1994-11-30 23:59:59,1247.3353522614818,440.60381092954697,1994,11,1995,2,0.059504132
1994-12-31 23:59:59,1268.346220317602,567.0,1994,12,1995,3,0.061487603
1995-01-31 23:59:59,2523.731117706745,566.9999999999975,1995,1,1995,4,0.061487603
1995-02-28 23:59:59,2989.9999999999995,567.0000000000001,1995,2,1995,5,0.05553719
1995-03-31 23:59:59,2788.0,755.9999999999999,1995,3,1995,6,0.061487603
1995-04-30 23:59:59,3109.77559652322,900.0000000000002,1995,4,1995,7,0.059504132
1995-05-31 23:59:59,3537.9999999999995,967.0000000000002,1995,5,1995,8,0.061487603
1995-06-30 23:59:59,3538.000000000001,967.0000000000003,1995,6,1995,9,0.059504132
1995-07-31 23:59:59,3538.000000000001,941.9999999999993,1995,7,1995,10,0.061487603
1995-08-31 23:59:59,3528.9001395948203,791.9999999999999,1995,8,1995,11,0.061487603
1995-09-30 23:59:59,3351.0,752.0000000000002,1995,9,1995,12,0.059504132
1995-10-31 23:59:59,3162.999999999999,712.0000000000002,1995,10,1996,1,0.061487603
1995-11-30 23:59:59,3102.8286587493167,556.4834425474335,1995,11,1996,2,0.059504132
1995-12-31 23:59:59,3138.999999999999,567.0000000000006,1995,12,1996,3,0.061487603
1996-01-31 23:59:59,2787.9999999999995,567.0000000000005,1996,1,1996,4,0.061487603
1996-02-29 23:59:59,2788.000000000001,566.9999999999998,1996,2,1996,5,0.057520661
1996-03-31 23:59:59,2995.0,756.0000000000001,1996,3,1996,6,0.061487603
1996-04-30 23:59:59,3354.2675963335664,900.0000000000003,1996,4,1996,7,0.059504132
1996-05-31 23:59:59,3537.999999999999,966.9999999999994,1996,5,1996,8,0.061487603
1996-06-30 23:59:59,3537.9999999999995,966.9999999999998,1996,6,1996,9,0.059504132
1996-07-31 23:59:59,2998.2544261483654,870.1135713129135,1996,7,1996,10,0.061487603
1996-08-31 23:59:59,2525.688114721729,791.9999999999999,1996,8,1996,11,0.061487603
1996-09-30 23:59:59,2455.7823219040324,751.9999999999999,1996,9,1996,12,0.059504132
1996-10-31 23:59:59,2328.3218292485853,711.9999999999994,1996,10,1997,1,0.061487603
1996-11-30 23:59:59,2390.6764201276396,567.0000000000002,1996,11,1997,2,0.059504132
1996-12-31 23:59:59,2787.999999999999,567.0000000000003,1996,12,1997,3,0.061487603
1997-01-31 23:59:59,2788.0000000000005,567.0000000000002,1997,1,1997,4,0.061487603
1997-02-28 23:59:59,2952.0,567.0000000000003,1997,2,1997,5,0.05553719
1997-03-31 23:59:59,3122.9999999999995,740.169427187755,1997,3,1997,6,0.061487603
1997-04-30 23:59:59,3447.287060246722,900.0,1997,4,1997,7,0.059504132
1997-05-31 23:59:59,3466.484945899706,966.9999999999999,1997,5,1997,8,0.061487603
1997-06-30 23:59:59,3315.436330069056,856.7021885454344,1997,6,1997,9,0.059504132
1997-07-31 23:59:59,2712.5701350405443,609.435510736013,1997,7,1997,10,0.061487603
1997-08-31 23:59:59,2228.1925595049047,526.5602363636958,1997,8,1997,11,0.061487603
1997-09-30 23:59:59,1867.07428678454,482.3965960469455,1997,9,1997,12,0.059504132
1997-10-31 23:59:59,1736.370053944444,457.48985820105935,1997,10,1998,1,0.061487603
1997-11-30 23:59:59,1789.052702781796,436.3810239368732,1997,11,1998,2,0.059504132
1997-12-31 23:59:59,1806.0138958226619,414.528706213021,1997,12,1998,3,0.061487603
1998-01-31 23:59:59,2545.1080771148368,567.0000000000005,1998,1,1998,4,0.061487603
1998-02-28 23:59:59,2788.0,566.9999999999983,1998,2,1998,5,0.05553719
1998-03-31 23:59:59,2816.9999999999995,755.9999999999987,1998,3,1998,6,0.061487603
1998-04-30 23:59:59,3299.3707688380878,900.0000000000001,1998,4,1998,7,0.059504132
1998-05-31 23:59:59,3537.999999999999,967.0000000000002,1998,5,1998,8,0.061487603
1998-06-30 23:59:59,3537.9999999999986,967.0000000000002,1998,6,1998,9,0.059504132
1998-07-31 23:59:59,3537.999999999999,942.0000000000002,1998,7,1998,10,0.061487603
1998-08-31 23:59:59,3535.5145543757144,792.0,1998,8,1998,11,0.061487603
1998-09-30 23:59:59,3351.0,752.0000000000001,1998,9,1998,12,0.059504132
1998-10-31 23:59:59,3163.0000000000005,712.0000000000002,1998,10,1999,1,0.061487603
1998-11-30 23:59:59,2893.0,567.0000000000005,1998,11,1999,2,0.059504132
1998-12-31 23:59:59,3080.9999999999995,567.0,1998,12,1999,3,0.061487603
1999-01-31 23:59:59,2944.0000000000014,567.0000000000002,1999,1,1999,4,0.061487603
1999-02-28 23:59:59,2788.0000000000014,566.9999999999998,1999,2,1999,5,0.05553719
1999-03-31 23:59:59,3006.9999999999995,756.0000000000008,1999,3,1999,6,0.061487603
1999-04-30 23:59:59,3422.018901616252,899.9999999999999,1999,4,1999,7,0.059504132
1999-05-31 23:59:59,3538.0,967.0000000000002,1999,5,1999,8,0.061487603
1999-06-30 23:59:59,3538.0,966.9999999999999,1999,6,1999,9,0.059504132
1999-07-31 23:59:59,3005.1023636996565,884.1579435347663,1999,7,1999,10,0.061487603
1999-08-31 23:59:59,2678.9682055446237,791.9999999999995,1999,8,1999,11,0.061487603
1999-09-30 23:59:59,2446.222373285849,751.9999999999997,1999,9,1999,12,0.059504132
1999-10-31 23:59:59,2319.78140580055,711.9999999999997,1999,10,2000,1,0.061487603
1999-11-30 23:59:59,2315.203323012313,567.0,1999,11,2000,2,0.059504132
1999-12-31 23:59:59,2285.9333628563018,513.9453474078643,1999,12,2000,3,0.061487603
2000-01-31 23:59:59,2499.4278488079885,567.0000000000001,2000,1,2000,4,0.061487603
2000-02-29 23:59:59,2788.0,566.9999999999999,2000,2,2000,5,0.057520661
2000-03-31 23:59:59,2936.9999999999995,756.0,2000,3,2000,6,0.061487603
2000-04-30 23:59:59,3327.0327194925494,900.0000000000002,2000,4,2000,7,0.059504132
2000-05-31 23:59:59,3537.9999999999995,967.0,2000,5,2000,8,0.061487603
2000-06-30 23:59:59,3453.328432902969,949.9374956578545,2000,6,2000,9,0.059504132
2000-07-31 23:59:59,2822.5915570377906,693.6378799093595,2000,7,2000,10,0.061487603
2000-08-31 23:59:59,2312.950726271663,658.895886191693,2000,8,2000,11,0.061487603
2000-09-30 23:59:59,2086.3780175361467,631.6172697724209,2000,9,2000,12,0.059504132
2000-10-31 23:59:59,1963.0620247554127,590.8945651400861,2000,10,2001,1,0.061487603
2000-11-30 23:59:59,1903.8100522137054,543.6876574528857,2000,11,2001,2,0.059504132
2000-12-31 23:59:59,1843.0999349904855,504.49094460852746,2000,12,2001,3,0.061487603
2001-01-31 23:59:59,1782.8420882187304,492.4774896516621,2001,1,2001,4,0.061487603
2001-02-28 23:59:59,1845.834506184938,528.7412471021491,2001,2,2001,5,0.05553719
2001-03-31 23:59:59,2053.153036660693,597.7532930348691,2001,3,2001,6,0.061487603
2001-04-30 23:59:59,2210.8777374482493,679.0429815328338,2001,4,2001,7,0.059504132
2001-05-31 23:59:59,2078.729495251936,729.9363374364394,2001,5,2001,8,0.061487603
2001-06-30 23:59:59,1813.3127536032644,709.8749471419803,2001,6,2001,9,0.059504132
2001-07-31 23:59:59,1554.5446792473133,590.5881846217533,2001,7,2001,10,0.061487603
2001-08-31 23:59:59,1341.5074705096056,535.5665454911414,2001,8,2001,11,0.061487603
2001-09-30 23:59:59,1337.5730568126137,524.3260962175395,2001,9,2001,12,0.059504132
2001-10-31 23:59:59,1267.4264262300758,497.4285488086813,2001,10,2002,1,0.061487603
2001-11-30 23:59:59,1286.424632543285,506.50932873634827,2001,11,2002,2,0.059504132
2001-12-31 23:59:59,1477.7273228130039,567.0,2001,12,2002,3,0.061487603
2002-01-31 23:59:59,1749.515728601858,567.0000000000002,2002,1,2002,4,0.061487603
2002-02-28 23:59:59,1933.3539337921147,567.0,2002,2,2002,5,0.05553719
2002-03-31 23:59:59,2236.5289519872185,742.9091658391105,2002,3,2002,6,0.061487603
2002-04-30 23:59:59,2521.0075173156793,855.7042887190576,2002,4,2002,7,0.059504132
2002-05-31 23:59:59,2537.6127992155416,967.0000000000001,2002,5,2002,8,0.061487603
2002-06-30 23:59:59,2302.21522213443,887.1822643066592,2002,6,2002,9,0.059504132
2002-07-31 23:59:59,1644.6251816708177,729.9784501293107,2002,7,2002,10,0.061487603
2002-08-31 23:59:59,1566.498097286318,635.2195704873499,2002,8,2002,11,0.061487603
2002-09-30 23:59:59,1543.6519861754925,591.5311281607025,2002,9,2002,12,0.059504132
2002-10-31 23:59:59,1385.2578944766738,546.6557219720514,2002,10,2003,1,0.061487603
2002-11-30 23:59:59,1354.2514290485942,545.9880137474267,2002,11,2003,2,0.059504132
2002-12-31 23:59:59,1798.2547159367389,566.9999999999995,2002,12,2003,3,0.061487603
2003-01-31 23:59:59,2304.379402073809,567.0000000000002,2003,1,2003,4,0.061487603
2003-02-28 23:59:59,2551.640838145155,567.0000000000002,2003,2,2003,5,0.05553719
2003-03-31 23:59:59,2913.8784452653795,651.1462633883506,2003,3,2003,6,0.061487603
2003-04-30 23:59:59,3213.378351008964,881.1378325703638,2003,4,2003,7,0.059504132
2003-05-31 23:59:59,3538.000000000001,966.9999999999998,2003,5,2003,8,0.061487603
2003-06-30 23:59:59,3538.0000000000005,966.9999999999999,2003,6,2003,9,0.059504132
2003-07-31 23:59:59,2965.3984031527407,841.4778003989484,2003,7,2003,10,0.061487603
2003-08-31 23:59:59,2492.5352655578727,775.658686234777,2003,8,2003,11,0.061487603
2003-09-30 23:59:59,2109.802998297974,751.9995550581519,2003,9,2003,12,0.059504132
2003-10-31 23:59:59,2027.6794953593696,699.1929041400468,2003,10,2004,1,0.061487603
2003-11-30 23:59:59,1980.725747655591,567.0000000000001,2003,11,2004,2,0.059504132
2003-12-31 23:59:59,2229.1306699945894,567.0000000000003,2003,12,2004,3,0.061487603
2004-01-31 23:59:59,2350.3422551588365,567.0000000000001,2004,1,2004,4,0.061487603
2004-02-29 23:59:59,2788.0000000000014,567.0,2004,2,2004,5,0.057520661
2004-03-31 23:59:59,3060.9999999999995,700.0981173795502,2004,3,2004,6,0.061487603
2004-04-30 23:59:59,3355.998128205095,757.8537353116357,2004,4,2004,7,0.059504132
2004-05-31 23:59:59,3438.3540276570984,834.8653313356332,2004,5,2004,8,0.061487603
2004-06-30 23:59:59,3228.7213951136628,819.5000504525522,2004,6,2004,9,0.059504132
2004-07-31 23:59:59,2562.9090960035405,630.6543319285645,2004,7,2004,10,0.061487603
2004-08-31 23:59:59,2041.2491223410061,548.6701591728545,2004,8,2004,11,0.061487603
2004-09-30 23:59:59,1931.0519511860634,523.8398118913915,2004,9,2004,12,0.059504132
2004-10-31 23:59:59,1942.63363830976,532.4239763412511,2004,10,2005,1,0.061487603
2004-11-30 23:59:59,1901.9685740302868,559.846907986092,2004,11,2005,2,0.059504132
2004-12-31 23:59:59,1960.2493518468982,566.9999999999998,2004,12,2005,3,0.061487603
2005-01-31 23:59:59,2059.109134948973,566.9999999999999,2005,1,2005,4,0.061487603
2005-02-28 23:59:59,2232.130268579134,566.9999999999997,2005,2,2005,5,0.05553719
2005-03-31 23:59:59,2707.702376990025,756.000000000001,2005,3,2005,6,0.061487603
2005-04-30 23:59:59,3099.3558223784994,899.9999999999998,2005,4,2005,7,0.059504132
2005-05-31 23:59:59,3538.0000000000014,967.0,2005,5,2005,8,0.061487603
2005-06-30 23:59:59,3538.0000000000005,967.0000000000002,2005,6,2005,9,0.059504132
2005-07-31 23:59:59,3171.119417038936,942.0000000000001,2005,7,2005,10,0.061487603
2005-08-31 23:59:59,3016.299560009142,792.0,2005,8,2005,11,0.061487603
2005-09-30 23:59:59,3015.537793122671,751.9999999999998,2005,9,2005,12,0.059504132
2005-10-31 23:59:59,2967.654022452086,709.2455267917269,2005,10,2006,1,0.061487603
2005-11-30 23:59:59,2959.6594964007395,566.0680928957962,2005,11,2006,2,0.059504132
2005-12-31 23:59:59,2788.0000000000005,567.0000000000006,2005,12,2006,3,0.061487603
2006-01-31 23:59:59,2787.9999999999995,566.9999999999999,2006,1,2006,4,0.061487603
2006-02-28 23:59:59,2791.9999999999986,567.0000000000001,2006,2,2006,5,0.05553719
2006-03-31 23:59:59,2788.0000000000005,755.9999999999999,2006,3,2006,6,0.061487603
2006-04-30 23:59:59,3106.000000000002,900.0000000000007,2006,4,2006,7,0.059504132
2006-05-31 23:59:59,3538.0000000000014,966.9999999999998,2006,5,2006,8,0.061487603
2006-06-30 23:59:59,3538.0,966.9999999999997,2006,6,2006,9,0.059504132
2006-07-31 23:59:59,3152.8978508939786,942.0000000000001,2006,7,2006,10,0.061487603
2006-08-31 23:59:59,3116.991328408305,792.0,2006,8,2006,11,0.061487603
2006-09-30 23:59:59,3106.7368220034095,752.0000000000007,2006,9,2006,12,0.059504132
2006-10-31 23:59:59,2950.921238505917,712.0000000000006,2006,10,2007,1,0.061487603
2006-11-30 23:59:59,2932.3154285799455,567.0,2006,11,2007,2,0.059504132
2006-12-31 23:59:59,2989.1974952798505,567.0000000000001,2006,12,2007,3,0.061487603
2007-01-31 23:59:59,2967.202333970626,546.2837548817793,2007,1,2007,4,0.061487603
2007-02-28 23:59:59,2898.0000000000005,567.0000000000001,2007,2,2007,5,0.05553719
2007-03-31 23:59:59,3126.9999999999995,639.8548478356809,2007,3,2007,6,0.061487603
2007-04-30 23:59:59,3216.735380821973,687.6708069577203,2007,4,2007,7,0.059504132
2007-05-31 23:59:59,3078.453049197288,740.2354271848388,2007,5,2007,8,0.061487603
2007-06-30 23:59:59,2778.455104851721,710.5948363356285,2007,6,2007,9,0.059504132
2007-07-31 23:59:59,2095.4443101949914,582.601522292739,2007,7,2007,10,0.061487603
2007-08-31 23:59:59,1652.555100533926,449.7742222256879,2007,8,2007,11,0.061487603
2007-09-30 23:59:59,1649.3945976873256,431.18481911184045,2007,9,2007,12,0.059504132
2007-10-31 23:59:59,1596.8793271092993,412.63401381301156,2007,10,2008,1,0.061487603
2007-11-30 23:59:59,1545.751869115504,405.63860928902966,2007,11,2008,2,0.059504132
2007-12-31 23:59:59,1531.7269748612937,441.05602793864045,2007,12,2008,3,0.061487603
2008-01-31 23:59:59,1592.6359507175578,495.2875775149434,2008,1,2008,4,0.061487603
2008-02-29 23:59:59,1670.9470770687012,508.0206373406099,2008,2,2008,5,0.057520661
2008-03-31 23:59:59,1892.512794487564,522.5929224688477,2008,3,2008,6,0.061487603
2008-04-30 23:59:59,1982.4135583163365,576.6140336370398,2008,4,2008,7,0.059504132
2008-05-31 23:59:59,2023.7865634762297,652.9339922628941,2008,5,2008,8,0.061487603
2008-06-30 23:59:59,1712.7957643053421,610.4899852202822,2008,6,2008,9,0.059504132
2008-07-31 23:59:59,1488.7941555624511,513.6495476633656,2008,7,2008,10,0.061487603
2008-08-31 23:59:59,1327.7814773301577,422.883638380654,2008,8,2008,11,0.061487603
2008-09-30 23:59:59,1311.4133673644278,395.50291810877326,2008,9,2008,12,0.059504132
2008-10-31 23:59:59,1186.1835539711842,384.8623635646429,2008,10,2009,1,0.061487603
2008-11-30 23:59:59,1189.3520057578628,410.6134702455709,2008,11,2009,2,0.059504132
2008-12-31 23:59:59,1162.7728124294367,464.7090016434562,2008,12,2009,3,0.061487603
2009-01-31 23:59:59,1182.0292723378018,527.1180394513208,2009,1,2009,4,0.061487603
2009-02-28 23:59:59,1529.0794849689687,567.0,2009,2,2009,5,0.05553719
2009-03-31 23:59:59,2094.7827841630997,756.000000000001,2009,3,2009,6,0.061487603
2009-04-30 23:59:59,2165.4726890692996,862.4586622840621,2009,4,2009,7,0.059504132
2009-05-31 23:59:59,2446.808441812881,967.0000000000001,2009,5,2009,8,0.061487603
2009-06-30 23:59:59,2107.9781719764383,781.7828874977592,2009,6,2009,9,0.059504132
2009-07-31 23:59:59,1572.3670590619436,596.032043515445,2009,7,2009,10,0.061487603
2009-08-31 23:59:59,1449.7834677692574,526.4715799464161,2009,8,2009,11,0.061487603
2009-09-30 23:59:59,1452.427808421713,512.9475456913991,2009,9,2009,12,0.059504132
2009-10-31 23:59:59,1479.8376008083517,514.4298982103052,2009,10,2010,1,0.061487603
2009-11-30 23:59:59,1452.9859095698575,451.01647293315887,2009,11,2010,2,0.059504132
2009-12-31 23:59:59,1447.3047225693551,487.5988486360449,2009,12,2010,3,0.061487603
2010-01-31 23:59:59,1599.5199890653864,544.6405713893095,2010,1,2010,4,0.061487603
2010-02-28 23:59:59,1807.626069722408,566.999999999999,2010,2,2010,5,0.05553719
2010-03-31 23:59:59,2116.7797867990585,674.1464132814258,2010,3,2010,6,0.061487603
2010-04-30 23:59:59,2551.2299133520546,874.7625907199368,2010,4,2010,7,0.059504132
2010-05-31 23:59:59,2892.229698237002,966.9999999999997,2010,5,2010,8,0.061487603
2010-06-30 23:59:59,3201.477322684111,967.0000000000001,2010,6,2010,9,0.059504132
2010-07-31 23:59:59,2684.4003773793493,913.8102647611371,2010,7,2010,10,0.061487603
2010-08-31 23:59:59,2326.4444187171575,792.0000000000001,2010,8,2010,11,0.061487603
2010-09-30 23:59:59,2328.3778880701384,695.3325721885052,2010,9,2010,12,0.059504132
2010-10-31 23:59:59,2353.0591985265332,711.9999999999995,2010,10,2011,1,0.061487603
2010-11-30 23:59:59,2365.210454431425,567.0,2010,11,2011,2,0.059504132
2010-12-31 23:59:59,2787.9999999999995,567.0,2010,12,2011,3,0.061487603
2011-01-31 23:59:59,2950.3368167406584,567.0000000000001,2011,1,2011,4,0.061487603
2011-02-28 23:59:59,2966.0000000000005,567.0000000000003,2011,2,2011,5,0.05553719
2011-03-31 23:59:59,2788.0000000000014,755.9999999999998,2011,3,2011,6,0.061487603
2011-04-30 23:59:59,3290.0,900.0000000000001,2011,4,2011,7,0.059504132
2011-05-31 23:59:59,3537.9999999999986,967.0000000000001,2011,5,2011,8,0.061487603
2011-06-30 23:59:59,3538.0,967.0000000000001,2011,6,2011,9,0.059504132
2011-07-31 23:59:59,3538.0000000000005,941.9999999999995,2011,7,2011,10,0.061487603
2011-08-31 23:59:59,3526.9726895947874,791.9999999999999,2011,8,2011,11,0.061487603
2011-09-30 23:59:59,3351.0,752.0000000000002,2011,9,2011,12,0.059504132
2011-10-31 23:59:59,3163.0,711.9999999999999,2011,10,2012,1,0.061487603
2011-11-30 23:59:59,3126.367703003594,567.0,2011,11,2012,2,0.059504132
2011-12-31 23:59:59,3032.244788609438,518.9862279559169,2011,12,2012,3,0.061487603
2012-01-31 23:59:59,3023.9415223245082,525.6615802959384,2012,1,2012,4,0.061487603
2012-02-29 23:59:59,3025.5314375256394,462.49050505659835,2012,2,2012,5,0.057520661
2012-03-31 23:59:59,2853.9999999999995,740.9543287746042,2012,3,2012,6,0.061487603
2012-04-30 23:59:59,3285.604977415036,900.0000000000001,2012,4,2012,7,0.059504132
2012-05-31 23:59:59,3289.6896320676037,967.0,2012,5,2012,8,0.061487603
2012-06-30 23:59:59,3120.502636552172,956.4411354463342,2012,6,2012,9,0.059504132
2012-07-31 23:59:59,2462.4836364923967,710.9069927400259,2012,7,2012,10,0.061487603
2012-08-31 23:59:59,1922.6511736748885,585.9749676052493,2012,8,2012,11,0.061487603
2012-09-30 23:59:59,1666.7376283814856,518.8627829693313,2012,9,2012,12,0.059504132
2012-10-31 23:59:59,1565.3147777613528,475.9865137315914,2012,10,2013,1,0.061487603
2012-11-30 23:59:59,1644.5223369021528,528.53418088076,2012,11,2013,2,0.059504132
2012-12-31 23:59:59,2393.7479532551856,567.0000000000005,2012,12,2013,3,0.061487603
2013-01-31 23:59:59,2461.920426983972,567.0000000000001,2013,1,2013,4,0.061487603
2013-02-28 23:59:59,2403.7432642965005,544.5150208577143,2013,2,2013,5,0.05553719
2013-03-31 23:59:59,2569.6693146842836,556.7989922477177,2013,3,2013,6,0.061487603
2013-04-30 23:59:59,2718.6989974637427,594.2652271202138,2013,4,2013,7,0.059504132
2013-05-31 23:59:59,2490.1129084809354,603.4557437498192,2013,5,2013,8,0.061487603
2013-06-30 23:59:59,2158.4143318728215,560.1979157492519,2013,6,2013,9,0.059504132
2013-07-31 23:59:59,1591.0415243139762,440.90753174935094,2013,7,2013,10,0.061487603
2013-08-31 23:59:59,1432.460434567269,383.9162216889542,2013,8,2013,11,0.061487603
2013-09-30 23:59:59,1422.4363388547301,360.24959362488,2013,9,2013,12,0.059504132
2013-10-31 23:59:59,1322.7525995717892,293.74031258014736,2013,10,2014,1,0.061487603
2013-11-30 23:59:59,1263.1589765905449,264.12568154148636,2013,11,2014,2,0.059504132
2013-12-31 23:59:59,1183.0217670366908,249.36244133677752,2013,12,2014,3,0.061487603
2014-01-31 23:59:59,1084.7739252184779,219.8385102733051,2014,1,2014,4,0.061487603
2014-02-28 23:59:59,1220.952578423373,319.1639106345017,2014,2,2014,5,0.05553719
2014-03-31 23:59:59,1526.1240892431026,414.6283774738,2014,3,2014,6,0.061487603
2014-04-30 23:59:59,1606.5236657254384,489.1754469230678,2014,4,2014,7,0.059504132
2014-05-31 23:59:59,1493.2536067274823,502.91619994759265,2014,5,2014,8,0.061487603
2014-06-30 23:59:59,1271.2978378323148,405.4722236009516,2014,6,2014,9,0.059504132
2014-07-31 23:59:59,948.9893370282472,300.0,2014,7,2014,10,0.061487603
2014-08-31 23:59:59,766.1288074006187,252.01028216303968,2014,8,2014,11,0.061487603
2014-09-30 23:59:59,750.7711025180992,269.6468458218121,2014,9,2014,12,0.059504132
2014-10-31 23:59:59,724.9965155458872,246.17719539959793,2014,10,2015,1,0.061487603
2014-11-30 23:59:59,702.5850807338109,261.7293329354511,2014,11,2015,2,0.059504132
2014-12-31 23:59:59,1128.3032197690995,464.9381569537219,2014,12,2015,3,0.061487603
2015-01-31 23:59:59,1154.270847348025,478.669601807034,2015,1,2015,4,0.061487603
2015-02-28 23:59:59,1464.994133210737,546.781844185481,2015,2,2015,5,0.05553719
2015-03-31 23:59:59,1447.1928126489208,510.41878541408346,2015,3,2015,6,0.061487603
2015-04-30 23:59:59,1442.7572574830597,490.9260006514651,2015,4,2015,7,0.059504132
2015-05-31 23:59:59,1237.3687212302934,443.5504179712007,2015,5,2015,8,0.061487603
2015-06-30 23:59:59,926.2473083874011,335.03224262920816,2015,6,2015,9,0.059504132
2015-07-31 23:59:59,603.0614691499358,247.75024740587722,2015,7,2015,10,0.061487603
2015-08-31 23:59:59,420.6389415738804,193.50029254643403,2015,8,2015,11,0.061487603
2015-09-30 23:59:59,411.02166287512307,193.94648398429234,2015,9,2015,12,0.059504132
2015-10-31 23:59:59,356.95410451746307,167.007884450143,2015,10,2016,1,0.061487603
2015-11-30 23:59:59,263.41581845377834,162.33098241560447,2015,11,2016,2,0.059504132
2015-12-31 23:59:59,359.45307246324535,315.90025821166154,2015,12,2016,3,0.061487603
2016-01-31 23:59:59,867.2013109095702,567.0000000000001,2016,1,2016,4,0.061487603
2016-02-29 23:59:59,1163.9460946785723,567.0000000000001,2016,2,2016,5,0.057520661
2016-03-31 23:59:59,2374.758158646256,755.9999999999998,2016,3,2016,6,0.061487603
2016-04-30 23:59:59,2607.524251238083,900.0,2016,4,2016,7,0.059504132
2016-05-31 23:59:59,2618.077438736786,966.9999999999999,2016,5,2016,8,0.061487603
2016-06-30 23:59:59,2432.3877468924934,863.1884665416262,2016,6,2016,9,0.059504132
2016-07-31 23:59:59,1746.20525025603,603.8172778190113,2016,7,2016,10,0.061487603
2016-08-31 23:59:59,1592.4480497203913,390.6845288964405,2016,8,2016,11,0.061487603
2016-09-30 23:59:59,1552.0143805850983,356.521968281651,2016,9,2016,12,0.059504132
2016-10-31 23:59:59,1597.007002040621,479.98801981886015,2016,10,2017,1,0.061487603
2016-11-30 23:59:59,1598.6201545997524,400.52561268006474,2016,11,2017,2,0.059504132
2016-12-31 23:59:59,2150.832709645297,567.0000000000001,2016,12,2017,3,0.061487603
2017-01-31 23:59:59,2787.9999999999995,566.9999999999994,2017,1,2017,4,0.061487603
2017-02-28 23:59:59,2788.0,566.9999999999998,2017,2,2017,5,0.05553719
2017-03-31 23:59:59,2799.130859375001,756.0000000000001,2017,3,2017,6,0.061487603
2017-04-30 23:59:59,3220.1281729434722,899.9999999999997,2017,4,2017,7,0.059504132
2017-05-31 23:59:59,3538.000000000001,966.9999999999998,2017,5,2017,8,0.061487603
2017-06-30 23:59:59,3538.000000000001,967.0000000000005,2017,6,2017,9,0.059504132
2017-07-31 23:59:59,3242.450955429245,941.9999999999999,2017,7,2017,10,0.061487603
2017-08-31 23:59:59,3179.4236922749087,792.0,2017,8,2017,11,0.061487603
2017-09-30 23:59:59,3152.658366821637,752.000000000001,2017,9,2017,12,0.059504132
2017-10-31 23:59:59,2984.3621966852356,710.8285329391902,2017,10,2018,1,0.061487603
2017-11-30 23:59:59,3016.212646484375,567.0000000000001,2017,11,2018,2,0.059504132
2017-12-31 23:59:59,2981.055785686523,530.1054381055648,2017,12,2018,3,0.061487603
2018-01-31 23:59:59,3079.021728515625,567.0000000000002,2018,1,2018,4,0.061487603
2018-02-28 23:59:59,3138.8230617769045,567.0000000000002,2018,2,2018,5,0.05553719
2018-03-31 23:59:59,3040.0322265625005,756.0000000000001,2018,3,2018,6,0.061487603
2018-04-30 23:59:59,3378.2044835483207,900.0,2018,4,2018,7,0.059504132
2018-05-31 23:59:59,3313.8939441236353,967.0,2018,5,2018,8,0.061487603
2018-06-30 23:59:59,3129.820263047907,844.2136636176889,2018,6,2018,9,0.059504132
2018-07-31 23:59:59,2453.9514220895226,600.3190752468913,2018,7,2018,10,0.061487603
2018-08-31 23:59:59,1928.6559713451568,510.1077997857102,2018,8,2018,11,0.061487603
2018-09-30 23:59:59,1835.8396105092497,455.06776139367355,2018,9,2018,12,0.059504132
2018-10-31 23:59:59,1763.6987802270537,410.436266181831,2018,10,2019,1,0.061487603
2018-11-30 23:59:59,1700.5940234555922,365.8979791307704,2018,11,2019,2,0.059504132
2018-12-31 23:59:59,1672.858614982301,369.8059702044939,2018,12,2019,3,0.061487603
2019-01-31 23:59:59,2024.3765347270125,566.9999999999994,2019,1,2019,4,0.061487603
2019-02-28 23:59:59,2788.0000000000005,567.0000000000001,2019,2,2019,5,0.05553719
2019-03-31 23:59:59,2788.0,756.0000000000002,2019,3,2019,6,0.061487603
2019-04-30 23:59:59,3349.0748251160176,900.0000000000006,2019,4,2019,7,0.059504132
2019-05-31 23:59:59,3537.999999999999,967.0,2019,5,2019,8,0.061487603
2019-06-30 23:59:59,3538.0,966.9999999999991,2019,6,2019,9,0.059504132
2019-07-31 23:59:59,3181.999872913477,942.0000000000001,2019,7,2019,10,0.061487603
2019-08-31 23:59:59,3148.053990785713,792.0000000000001,2019,8,2019,11,0.061487603
2019-09-30 23:59:59,3018.3453579550132,751.9999999999999,2019,9,2019,12,0.059504132
2019-10-31 23:59:59,2817.106363575492,706.5011569345221,2019,10,2020,1,0.061487603
2019-11-30 23:59:59,2731.5021963218273,561.2169536997745,2019,11,2020,2,0.059504132
2019-12-31 23:59:59,2888.3361875304795,567.0000000000003,2019,12,2020,3,0.061487603
2020-01-31 23:59:59,2926.3693384147564,559.8033951860393,2020,1,2020,4,0.061487603
2020-02-29 23:59:59,2954.3126150540597,541.0940437873486,2020,2,2020,5,0.057520661
2020-03-31 23:59:59,2979.824682554214,585.503613213787,2020,3,2020,6,0.061487603
2020-04-30 23:59:59,3202.979460933834,794.9109519098852,2020,4,2020,7,0.059504132
2020-05-31 23:59:59,3169.3169933347167,899.1042899700526,2020,5,2020,8,0.061487603
2020-06-30 23:59:59,2877.868401739376,731.4829239384512,2020,6,2020,9,0.059504132
2020-07-31 23:59:59,2156.4623322636107,635.6522631081444,2020,7,2020,10,0.061487603
2020-08-31 23:59:59,1540.4647840218993,573.9554839863024,2020,8,2020,11,0.061487603
2020-09-30 23:59:59,1562.0680528042537,539.2460480560542,2020,9,2020,12,0.059504132
2020-10-31 23:59:59,1447.0714259168114,491.1260706305344,2020,10,2021,1,0.061487603
2020-11-30 23:59:59,1398.6281894463689,433.6328353613678,2020,11,2021,2,0.059504132
2020-12-31 23:59:59,1360.7808449088584,472.16603385515816,2020,12,2021,3,0.061487603
2021-01-31 23:59:59,1345.3976255183827,496.28583908922417,2021,1,2021,4,0.061487603
2021-02-28 23:59:59,1450.4642299098814,520.5064244054303,2021,2,2021,5,0.05553719
2021-03-31 23:59:59,1553.37510564415,538.1777780218658,2021,3,2021,6,0.061487603
2021-04-30 23:59:59,1532.7026576344108,566.8735326950032,2021,4,2021,7,0.059504132
2021-05-31 23:59:59,1460.9507477287066,559.1164985264669,2021,5,2021,8,0.061487603
2021-06-30 23:59:59,1219.7867867676189,495.3537776448884,2021,6,2021,9,0.059504132
2021-07-31 23:59:59,879.4294924264846,411.0597572831143,2021,7,2021,10,0.061487603
2021-08-31 23:59:59,674.5250666267565,329.31924925667613,2021,8,2021,11,0.061487603
2021-09-30 23:59:59,668.5981831479767,335.8430653734775,2021,9,2021,12,0.059504132
